-- phpMyAdmin SQL Dump
-- version 4.8.1
-- https://www.phpmyadmin.net/
--
-- Host: 127.0.0.1
-- Generation Time: Mar 19, 2019 at 07:18 AM
-- Server version: 10.1.33-MariaDB
-- PHP Version: 7.2.6

SET SQL_MODE = "NO_AUTO_VALUE_ON_ZERO";
SET AUTOCOMMIT = 0;
START TRANSACTION;
SET time_zone = "+00:00";


/*!40101 SET @OLD_CHARACTER_SET_CLIENT=@@CHARACTER_SET_CLIENT */;
/*!40101 SET @OLD_CHARACTER_SET_RESULTS=@@CHARACTER_SET_RESULTS */;
/*!40101 SET @OLD_COLLATION_CONNECTION=@@COLLATION_CONNECTION */;
/*!40101 SET NAMES utf8mb4 */;

--
-- Database: `travel_agent`
--

--
-- Dumping data for table `accmd_reservations`
--

INSERT INTO `accmd_reservations` (`id`, `tour_quotation_hotel_detail_id`, `sgl_qty`, `dbl_qty`, `twn_qty`, `tbl_qty`, `qd_qty`, `total_sup`, `total_rmc`, `status`, `created_at`, `updated_at`) VALUES
(1, 3, 0, 1, 0, 0, 0, 0, 200, 2, '2018-11-15 13:08:51', '2018-11-15 13:09:37'),
(2, 4, 0, 1, 0, 0, 0, 0, 200, 2, '2018-11-15 13:08:54', '2018-11-15 13:09:37'),
(3, 7, 1, 0, 0, 0, 0, 0, 100, 2, '2018-11-19 08:59:36', '2018-11-19 09:00:39'),
(4, 8, 1, 0, 0, 0, 0, 0, 100, 2, '2018-11-19 08:59:43', '2018-11-19 09:00:39');

--
-- Dumping data for table `accmd_resevation_voucher_details`
--

INSERT INTO `accmd_resevation_voucher_details` (`id`, `accmd_resevation_voucher_header_id`, `accmd_reservation_id`, `created_at`, `updated_at`) VALUES
(1, 1, 1, '2018-11-15 13:09:37', '2018-11-15 13:09:37'),
(2, 1, 2, '2018-11-15 13:09:37', '2018-11-15 13:09:37'),
(3, 2, 3, '2018-11-19 09:00:39', '2018-11-19 09:00:39'),
(4, 2, 4, '2018-11-19 09:00:39', '2018-11-19 09:00:39');

--
-- Dumping data for table `accmd_resevation_voucher_headers`
--

INSERT INTO `accmd_resevation_voucher_headers` (`id`, `hotel_voucher_no`, `tour_quotation_header_id`, `tour_id`, `vpos`, `user_id`, `supplier_id`, `confirmed_date`, `confirmed_by_name`, `client_name`, `rates`, `remarks`, `condi`, `pax`, `status`, `created_at`, `updated_at`) VALUES
(1, 4, 2, 71, 1, 1, 3, '2018-11-15', 'Nipun Ishara', 'Mr Jason Bourn', '$400', 'Goood', 1, 0, 2, '2018-11-15 13:09:37', '2018-11-15 13:09:37'),
(2, 5, 4, 73, 1, 1, 3, '2018-11-19', 'Nipun ishara', 'Ashan Dias', '200', 'asd', 1, 1, 2, '2018-11-19 09:00:39', '2018-11-19 09:00:39');

--
-- Dumping data for table `agents`
--

INSERT INTO `agents` (`id`, `market_id`, `ag_code`, `ag_name`, `address`, `remarks`, `created_at`, `updated_at`) VALUES
(1, 1, 'ALG', 'All-Agent', NULL, NULL, '2018-11-13 05:19:58', '2018-11-13 05:19:58'),
(2, 2, 'CT-UK', 'Citrus', NULL, NULL, '2018-11-13 05:20:29', '2018-11-13 05:20:29');

--
-- Dumping data for table `agent_contacts`
--

INSERT INTO `agent_contacts` (`id`, `agent_id`, `type`, `contact`, `created_at`, `updated_at`) VALUES
(1, 1, 'Email_A', 'all@gmail.com', NULL, NULL),
(2, 1, 'Email_B', NULL, NULL, NULL),
(3, 1, 'Email_C', NULL, NULL, NULL),
(4, 1, 'Fax', NULL, NULL, NULL),
(5, 1, 'Tel', NULL, NULL, NULL),
(6, 2, 'Email_A', 'cit@gmail.com', NULL, NULL),
(7, 2, 'Email_B', NULL, NULL, NULL),
(8, 2, 'Email_C', NULL, NULL, NULL),
(9, 2, 'Fax', NULL, NULL, NULL),
(10, 2, 'Tel', NULL, NULL, NULL);

--
-- Dumping data for table `branches`
--

INSERT INTO `branches` (`id`, `company_id`, `country_id`, `City_name`, `branch_code`, `branch_name`, `branch_address`, `contact_details`, `description`, `status`, `created_at`, `updated_at`) VALUES
(1, 1, 1, 'Colombo', 'BRC', 'Antiquity Sri Lanka', '', NULL, NULL, 1, NULL, NULL);

--
-- Dumping data for table `cities`
--

INSERT INTO `cities` (`id`, `district_id`, `city_name`, `city_code`, `created_at`, `updated_at`) VALUES
(1, 1, 'Piliyandala', 'PLY', '2018-11-13 05:18:08', '2018-11-13 05:18:08'),
(2, 1, 'Nugegoda', 'NG', '2018-11-26 12:13:27', '2018-11-26 12:13:27');

--
-- Dumping data for table `companies`
--

INSERT INTO `companies` (`id`, `company_code`, `company_name`, `company_address`, `email`, `tel`, `vat_rate`, `created_at`, `updated_at`) VALUES
(1, 'ANT', 'Antiquity', 'Colombo', '', '', '', NULL, NULL);

--
-- Dumping data for table `countries`
--

INSERT INTO `countries` (`id`, `c_code`, `country_name`, `created_at`, `updated_at`) VALUES
(1, 'SL', 'Sri Lanka', NULL, NULL);

--
-- Dumping data for table `currencies`
--

INSERT INTO `currencies` (`id`, `code`, `type`, `symbol`, `created_at`, `updated_at`) VALUES
(1, 'USD', 'US-Dollar', '$', '2018-11-13 05:30:24', '2018-11-13 05:30:24'),
(2, 'Eu', 'Euro', NULL, '2018-11-19 09:52:58', '2018-11-19 09:52:58'),
(3, 'YU', 'Yuan', 'YY', '2018-12-10 08:11:48', '2018-12-10 08:11:48');

--
-- Dumping data for table `currency_exchange_rates`
--

INSERT INTO `currency_exchange_rates` (`id`, `currency_A`, `currency_B`, `amount`, `frm_date`, `to_date`, `created_at`, `updated_at`) VALUES
(1, 1, 2, 1.56, '2018-11-26', '2018-11-28', '2018-11-26 04:05:41', '2018-11-26 04:05:41');

--
-- Dumping data for table `distances`
--

INSERT INTO `distances` (`id`, `frm`, `to`, `distance`, `created_at`, `updated_at`) VALUES
(1, 1, 2, 192, '2018-08-13 01:14:11', '2018-08-13 01:19:12'),
(2, 1, 3, 360, '2018-08-13 01:14:11', '2018-08-13 01:19:12'),
(3, 1, 4, 50, '2018-08-13 01:14:11', '2018-08-13 01:19:12'),
(4, 1, 7, 152, '2018-08-13 01:14:11', '2018-08-13 01:19:12'),
(5, 1, 9, 15, '2018-08-13 01:14:11', '2018-08-13 01:19:12'),
(6, 1, 10, 184, '2018-08-13 01:14:11', '2018-08-13 01:19:12'),
(7, 1, 11, 256, '2018-08-13 01:14:11', '2018-08-13 01:19:12'),
(8, 1, 12, 144, '2018-08-13 01:14:11', '2018-08-13 01:19:12'),
(9, 1, 13, 232, '2018-08-13 01:14:11', '2018-08-13 01:19:12'),
(10, 1, 14, 224, '2018-08-13 01:14:11', '2018-08-13 01:19:12'),
(11, 1, 15, 124, '2018-08-13 01:14:11', '2018-08-13 01:19:12'),
(12, 1, 16, 96, '2018-08-13 01:14:11', '2018-08-13 01:19:12'),
(13, 1, 17, 360, '2018-08-13 01:14:11', '2018-08-13 01:19:12'),
(14, 1, 18, 312, '2018-08-13 01:14:11', '2018-08-13 01:19:12'),
(15, 1, 19, 144, '2018-08-13 01:14:11', '2018-08-13 01:19:12'),
(16, 1, 20, 144, '2018-08-13 01:14:11', '2018-08-13 01:19:12'),
(17, 1, 21, 184, '2018-08-13 01:14:11', '2018-08-13 01:19:12'),
(18, 1, 22, 153, '2018-08-13 01:14:11', '2018-08-13 01:19:12'),
(19, 1, 23, 290, '2018-08-13 01:14:11', '2018-08-13 01:19:12'),
(20, 1, 24, 152, '2018-08-13 01:14:11', '2018-08-13 01:19:12'),
(21, 1, 25, 127, '2018-08-13 01:14:11', '2018-08-13 01:19:12'),
(22, 1, 26, 168, '2018-08-13 01:14:11', '2018-08-13 01:19:12'),
(23, 1, 27, 85, '2018-08-13 01:14:11', '2018-08-13 01:19:12'),
(24, 1, 28, 112, '2018-08-13 01:14:11', '2018-08-13 01:19:12'),
(25, 1, 29, 100, '2018-08-13 01:14:11', '2018-08-13 01:19:12'),
(26, 1, 30, 175, '2018-08-13 01:14:11', '2018-08-13 01:19:12'),
(27, 1, 31, 110, '2018-08-13 01:14:11', '2018-08-13 01:19:12'),
(28, 1, 32, 80, '2018-08-13 01:14:11', '2018-08-13 01:19:12'),
(29, 1, 33, 144, '2018-08-13 01:14:11', '2018-08-13 01:19:12'),
(30, 1, 34, 224, '2018-08-13 01:14:11', '2018-08-13 01:19:12'),
(31, 1, 35, 192, '2018-08-13 01:14:11', '2018-08-13 01:19:12'),
(32, 1, 36, 55, '2018-08-13 01:14:11', '2018-08-13 01:19:12'),
(33, 1, 37, 160, '2018-08-13 01:14:11', '2018-08-13 01:19:12'),
(34, 1, 38, 80, '2018-08-13 01:14:11', '2018-08-13 01:19:12'),
(35, 1, 39, 216, '2018-08-13 01:14:11', '2018-08-13 01:19:12'),
(36, 1, 40, 80, '2018-08-13 01:14:11', '2018-08-13 01:19:12'),
(37, 1, 41, 140, '2018-08-13 01:14:11', '2018-08-13 01:19:12'),
(38, 1, 42, 24, '2018-08-13 01:14:11', '2018-08-13 01:19:12'),
(39, 1, 43, 160, '2018-08-13 01:14:11', '2018-08-13 01:19:12'),
(40, 1, 44, 230, '2018-08-13 01:14:11', '2018-08-13 01:19:12'),
(41, 1, 45, 328, '2018-08-13 01:14:11', '2018-08-13 01:19:12'),
(42, 1, 46, 210, '2018-08-13 01:14:11', '2018-08-13 01:19:12'),
(43, 1, 47, 80, '2018-08-13 01:14:11', '2018-08-13 01:19:12'),
(44, 1, 48, 16, '2018-08-13 01:14:11', '2018-08-13 01:19:12'),
(45, 1, 49, 320, '2018-08-13 01:14:11', '2018-08-13 01:19:12'),
(46, 1, 50, 208, '2018-08-13 01:14:11', '2018-08-13 01:19:12'),
(47, 1, 51, 140, '2018-08-13 01:14:11', '2018-08-13 01:19:12'),
(48, 1, 54, 32, '2018-08-13 01:14:11', '2018-08-13 01:19:12'),
(49, 1, 55, 180, '2018-08-13 01:14:11', '2018-08-13 01:19:12'),
(50, 1, 59, 360, '2018-08-13 01:14:11', '2018-08-13 01:19:12'),
(51, 1, 74, 100, '2018-08-13 01:14:11', '2018-08-13 01:19:12'),
(52, 1, 82, 23, '2018-08-13 01:14:11', '2018-08-13 01:19:12'),
(53, 1, 85, 20, '2018-08-13 01:14:11', '2018-08-13 01:19:12'),
(54, 1, 109, 40, '2018-08-13 01:14:11', '2018-08-13 01:19:12'),
(55, 1, 113, 136, '2018-08-13 01:14:11', '2018-08-13 01:19:12'),
(56, 1, 114, 264, '2018-08-13 01:14:11', '2018-08-13 01:19:12'),
(57, 1, 116, 285, '2018-08-13 01:14:11', '2018-08-13 01:19:12'),
(58, 1, 125, 130, '2018-08-13 01:14:11', '2018-08-13 01:19:12'),
(59, 1, 146, 40, '2018-08-13 01:14:11', '2018-08-13 01:19:12'),
(60, 1, 156, 270, '2018-08-13 01:14:11', '2018-08-13 01:19:12'),
(61, 1, 158, 23, '2018-08-13 01:14:11', '2018-08-13 01:19:12'),
(62, 2, 3, 180, '2018-08-13 01:14:11', '2018-08-13 01:19:12'),
(63, 2, 4, 180, '2018-08-13 01:14:11', '2018-08-13 01:19:12'),
(64, 2, 5, 260, '2018-08-13 01:14:11', '2018-08-13 01:19:12'),
(65, 2, 7, 288, '2018-08-13 01:14:11', '2018-08-13 01:19:12'),
(66, 2, 9, 180, '2018-08-13 01:14:11', '2018-08-13 01:19:12'),
(67, 2, 10, 192, '2018-08-13 01:14:11', '2018-08-13 01:19:12'),
(68, 2, 11, 56, '2018-08-13 01:14:11', '2018-08-13 01:19:12'),
(69, 2, 12, 280, '2018-08-13 01:14:11', '2018-08-13 01:19:12'),
(70, 2, 13, 53, '2018-08-13 01:14:11', '2018-08-13 01:19:12'),
(71, 2, 14, 95, '2018-08-13 01:14:11', '2018-08-13 01:19:12'),
(72, 2, 15, 210, '2018-08-13 01:14:11', '2018-08-13 01:19:12'),
(73, 2, 16, 220, '2018-08-13 01:14:11', '2018-08-13 01:19:12'),
(74, 2, 17, 70, '2018-08-13 01:14:11', '2018-08-13 01:19:12'),
(75, 2, 18, 224, '2018-08-13 01:14:11', '2018-08-13 01:19:12'),
(76, 2, 19, 150, '2018-08-13 01:14:11', '2018-08-13 01:19:12'),
(77, 2, 22, 173, '2018-08-13 01:14:11', '2018-08-13 01:19:12'),
(78, 2, 23, 167, '2018-08-13 01:14:11', '2018-08-13 01:19:12'),
(79, 2, 24, 314, '2018-08-13 01:14:11', '2018-08-13 01:19:12'),
(80, 2, 25, 264, '2018-08-13 01:14:11', '2018-08-13 01:19:12'),
(81, 2, 27, 180, '2018-08-13 01:14:11', '2018-08-13 01:19:12'),
(82, 2, 28, 82, '2018-08-13 01:14:11', '2018-08-13 01:19:12'),
(83, 2, 29, 75, '2018-08-13 01:14:11', '2018-08-13 01:19:12'),
(84, 2, 30, 290, '2018-08-13 01:14:11', '2018-08-13 01:19:12'),
(85, 2, 31, 240, '2018-08-13 01:14:11', '2018-08-13 01:19:12'),
(86, 2, 32, 119, '2018-08-13 01:14:11', '2018-08-13 01:19:12'),
(87, 2, 33, 103, '2018-08-13 01:14:11', '2018-08-13 01:19:12'),
(88, 2, 34, 300, '2018-08-13 01:14:11', '2018-08-13 01:19:12'),
(89, 2, 36, 208, '2018-08-13 01:14:11', '2018-08-13 01:19:12'),
(90, 2, 37, 120, '2018-08-13 01:14:11', '2018-08-13 01:19:12'),
(91, 2, 38, 111, '2018-08-13 01:14:11', '2018-08-13 01:19:12'),
(92, 2, 39, 217, '2018-08-13 01:14:11', '2018-08-13 01:19:12'),
(93, 2, 40, 206, '2018-08-13 01:14:11', '2018-08-13 01:19:12'),
(94, 2, 41, 148, '2018-08-13 01:14:11', '2018-08-13 01:19:12'),
(95, 2, 42, 190, '2018-08-13 01:14:11', '2018-08-13 01:19:12'),
(96, 2, 45, 163, '2018-08-13 01:14:11', '2018-08-13 01:19:12'),
(97, 2, 46, 180, '2018-08-13 01:14:11', '2018-08-13 01:19:12'),
(98, 2, 47, 232, '2018-08-13 01:14:11', '2018-08-13 01:19:12'),
(99, 2, 48, 208, '2018-08-13 01:14:11', '2018-08-13 01:19:12'),
(100, 2, 49, 240, '2018-08-13 01:14:11', '2018-08-13 01:19:12'),
(101, 2, 50, 320, '2018-08-13 01:14:11', '2018-08-13 01:19:12'),
(102, 2, 51, 264, '2018-08-13 01:14:11', '2018-08-13 01:19:12'),
(103, 2, 54, 216, '2018-08-13 01:14:11', '2018-08-13 01:19:12'),
(104, 2, 55, 216, '2018-08-13 01:14:11', '2018-08-13 01:19:12'),
(105, 2, 56, 122, '2018-08-13 01:14:11', '2018-08-13 01:19:12'),
(106, 2, 57, 224, '2018-08-13 01:14:11', '2018-08-13 01:19:12'),
(107, 2, 58, 53, '2018-08-13 01:14:11', '2018-08-13 01:19:12'),
(108, 2, 59, 398, '2018-08-13 01:14:11', '2018-08-13 01:19:12'),
(109, 2, 60, 415, '2018-08-13 01:14:11', '2018-08-13 01:19:12'),
(110, 2, 61, 103, '2018-08-13 01:14:11', '2018-08-13 01:19:12'),
(111, 2, 62, 115, '2018-08-13 01:14:11', '2018-08-13 01:19:12'),
(112, 2, 63, 314, '2018-08-13 01:14:11', '2018-08-13 01:19:12'),
(113, 2, 64, 230, '2018-08-13 01:14:11', '2018-08-13 01:19:12'),
(114, 2, 65, 126, '2018-08-13 01:14:11', '2018-08-13 01:19:12'),
(115, 2, 66, 183, '2018-08-13 01:14:11', '2018-08-13 01:19:12'),
(116, 2, 67, 182, '2018-08-13 01:14:11', '2018-08-13 01:19:12'),
(117, 2, 68, 129, '2018-08-13 01:14:11', '2018-08-13 01:19:12'),
(118, 2, 69, 165, '2018-08-13 01:14:11', '2018-08-13 01:19:12'),
(119, 2, 70, 341, '2018-08-13 01:14:11', '2018-08-13 01:19:12'),
(120, 2, 71, 240, '2018-08-13 01:14:11', '2018-08-13 01:19:12'),
(121, 2, 72, 256, '2018-08-13 01:14:11', '2018-08-13 01:19:12'),
(122, 2, 73, 87, '2018-08-13 01:14:11', '2018-08-13 01:19:12'),
(123, 2, 82, 215, '2018-08-13 01:14:11', '2018-08-13 01:19:12'),
(124, 2, 92, 60, '2018-08-13 01:14:11', '2018-08-13 01:19:12'),
(125, 2, 93, 15, '2018-08-13 01:14:11', '2018-08-13 01:19:12'),
(126, 2, 94, 185, '2018-08-13 01:14:11', '2018-08-13 01:19:12'),
(127, 2, 98, 180, '2018-08-13 01:14:11', '2018-08-13 01:19:12'),
(128, 2, 99, 10, '2018-08-13 01:14:11', '2018-08-13 01:19:12'),
(129, 2, 100, 60, '2018-08-13 01:14:11', '2018-08-13 01:19:12'),
(130, 2, 101, 72, '2018-08-13 01:14:11', '2018-08-13 01:19:12'),
(131, 2, 103, 29, '2018-08-13 01:14:11', '2018-08-13 01:19:12'),
(132, 2, 104, 200, '2018-08-13 01:14:11', '2018-08-13 01:19:12'),
(133, 2, 113, 272, '2018-08-13 01:14:11', '2018-08-13 01:19:12'),
(134, 2, 114, 280, '2018-08-13 01:14:11', '2018-08-13 01:19:12'),
(135, 2, 116, 277, '2018-08-13 01:14:11', '2018-08-13 01:19:12'),
(136, 2, 120, 80, '2018-08-13 01:14:11', '2018-08-13 01:19:12'),
(137, 2, 125, 40, '2018-08-13 01:14:11', '2018-08-13 01:19:12'),
(138, 2, 127, 12, '2018-08-13 01:14:11', '2018-08-13 01:19:12'),
(139, 2, 132, 36, '2018-08-13 01:14:11', '2018-08-13 01:19:12'),
(140, 2, 156, 85, '2018-08-13 01:14:11', '2018-08-13 01:19:12'),
(141, 2, 157, 50, '2018-08-13 01:14:11', '2018-08-13 01:19:12'),
(142, 2, 159, 90, '2018-08-13 01:14:11', '2018-08-13 01:19:12'),
(143, 2, 162, 65, '2018-08-13 01:14:11', '2018-08-13 01:19:12'),
(144, 3, 4, 304, '2018-08-13 01:14:11', '2018-08-13 01:19:12'),
(145, 3, 5, 180, '2018-08-13 01:14:11', '2018-08-13 01:19:12'),
(146, 3, 6, 150, '2018-08-13 01:14:11', '2018-08-13 01:19:12'),
(147, 3, 7, 208, '2018-08-13 01:14:11', '2018-08-13 01:19:12'),
(148, 3, 9, 336, '2018-08-13 01:14:11', '2018-08-13 01:19:12'),
(149, 3, 10, 546, '2018-08-13 01:14:11', '2018-08-13 01:19:12'),
(150, 3, 11, 184, '2018-08-13 01:14:11', '2018-08-13 01:19:12'),
(151, 3, 12, 216, '2018-08-13 01:14:11', '2018-08-13 01:19:12'),
(152, 3, 13, 149, '2018-08-13 01:14:11', '2018-08-13 01:19:12'),
(153, 3, 14, 184, '2018-08-13 01:14:11', '2018-08-13 01:19:12'),
(154, 3, 15, 240, '2018-08-13 01:14:11', '2018-08-13 01:19:12'),
(155, 3, 16, 240, '2018-08-13 01:14:11', '2018-08-13 01:19:12'),
(156, 3, 17, 80, '2018-08-13 01:14:11', '2018-08-13 01:19:12'),
(157, 3, 18, 40, '2018-08-13 01:14:11', '2018-08-13 01:19:12'),
(158, 3, 19, 368, '2018-08-13 01:14:11', '2018-08-13 01:19:12'),
(159, 3, 20, 312, '2018-08-13 01:14:11', '2018-08-13 01:19:12'),
(160, 3, 21, 504, '2018-08-13 01:14:11', '2018-08-13 01:19:12'),
(161, 3, 22, 480, '2018-08-13 01:14:11', '2018-08-13 01:19:12'),
(162, 3, 23, 60, '2018-08-13 01:14:11', '2018-08-13 01:19:12'),
(163, 3, 24, 200, '2018-08-13 01:14:11', '2018-08-13 01:19:12'),
(164, 3, 25, 240, '2018-08-13 01:14:11', '2018-08-13 01:19:12'),
(165, 3, 26, 376, '2018-08-13 01:14:11', '2018-08-13 01:19:12'),
(166, 3, 27, 256, '2018-08-13 01:14:11', '2018-08-13 01:19:12'),
(167, 3, 28, 288, '2018-08-13 01:14:11', '2018-08-13 01:19:12'),
(168, 3, 29, 280, '2018-08-13 01:14:11', '2018-08-13 01:19:12'),
(169, 3, 30, 168, '2018-08-13 01:14:11', '2018-08-13 01:19:12'),
(170, 3, 31, 230, '2018-08-13 01:14:11', '2018-08-13 01:19:12'),
(171, 3, 32, 400, '2018-08-13 01:14:11', '2018-08-13 01:19:12'),
(172, 3, 33, 320, '2018-08-13 01:14:11', '2018-08-13 01:19:12'),
(173, 3, 34, 144, '2018-08-13 01:14:11', '2018-08-13 01:19:12'),
(174, 3, 35, 496, '2018-08-13 01:14:11', '2018-08-13 01:19:12'),
(175, 3, 36, 288, '2018-08-13 01:14:11', '2018-08-13 01:19:12'),
(176, 3, 37, 320, '2018-08-13 01:14:11', '2018-08-13 01:19:12'),
(177, 3, 39, 440, '2018-08-13 01:14:11', '2018-08-13 01:19:12'),
(178, 3, 40, 440, '2018-08-13 01:14:11', '2018-08-13 01:19:12'),
(179, 3, 41, 200, '2018-08-13 01:14:11', '2018-08-13 01:19:12'),
(180, 3, 42, 328, '2018-08-13 01:14:11', '2018-08-13 01:19:12'),
(181, 3, 43, 376, '2018-08-13 01:14:11', '2018-08-13 01:19:12'),
(182, 3, 44, 110, '2018-08-13 01:14:11', '2018-08-13 01:19:12'),
(183, 3, 45, 32, '2018-08-13 01:14:11', '2018-08-13 01:19:12'),
(184, 3, 46, 80, '2018-08-13 01:14:11', '2018-08-13 01:19:12'),
(185, 3, 47, 264, '2018-08-13 01:14:11', '2018-08-13 01:19:12'),
(186, 3, 48, 368, '2018-08-13 01:14:11', '2018-08-13 01:19:12'),
(187, 3, 49, 40, '2018-08-13 01:14:11', '2018-08-13 01:19:12'),
(188, 3, 50, 150, '2018-08-13 01:14:11', '2018-08-13 01:19:12'),
(189, 3, 51, 500, '2018-08-13 01:14:11', '2018-08-13 01:19:12'),
(190, 3, 54, 328, '2018-08-13 01:14:11', '2018-08-13 01:19:12'),
(191, 3, 59, 677, '2018-08-13 01:14:11', '2018-08-13 01:19:12'),
(192, 3, 73, 80, '2018-08-13 01:14:11', '2018-08-13 01:19:12'),
(193, 3, 84, 180, '2018-08-13 01:14:11', '2018-08-13 01:19:12'),
(194, 3, 87, 32, '2018-08-13 01:14:11', '2018-08-13 01:19:12'),
(195, 3, 92, 140, '2018-08-13 01:14:11', '2018-08-13 01:19:12'),
(196, 3, 94, 40, '2018-08-13 01:14:11', '2018-08-13 01:19:12'),
(197, 3, 100, 145, '2018-08-13 01:14:11', '2018-08-13 01:19:12'),
(198, 3, 104, 215, '2018-08-13 01:14:11', '2018-08-13 01:19:12'),
(199, 3, 113, 224, '2018-08-13 01:14:11', '2018-08-13 01:19:12'),
(200, 3, 114, 304, '2018-08-13 01:14:11', '2018-08-13 01:19:12'),
(201, 3, 120, 195, '2018-08-13 01:14:11', '2018-08-13 01:19:12'),
(202, 3, 125, 260, '2018-08-13 01:14:11', '2018-08-13 01:19:12'),
(203, 3, 135, 155, '2018-08-13 01:14:11', '2018-08-13 01:19:12'),
(204, 3, 136, 295, '2018-08-13 01:14:11', '2018-08-13 01:19:12'),
(205, 3, 146, 300, '2018-08-13 01:14:11', '2018-08-13 01:19:12'),
(206, 3, 155, 120, '2018-08-13 01:14:11', '2018-08-13 01:19:12'),
(207, 3, 156, 304, '2018-08-13 01:14:11', '2018-08-13 01:19:12'),
(208, 3, 158, 210, '2018-08-13 01:14:11', '2018-08-13 01:19:12'),
(209, 3, 173, 195, '2018-08-13 01:14:11', '2018-08-13 01:19:12'),
(210, 3, 174, 110, '2018-08-13 01:14:11', '2018-08-13 01:19:12'),
(211, 4, 5, 120, '2018-08-13 01:14:11', '2018-08-13 01:19:12'),
(212, 4, 6, 160, '2018-08-13 01:14:11', '2018-08-13 01:19:12'),
(213, 4, 7, 85, '2018-08-13 01:14:11', '2018-08-13 01:19:12'),
(214, 4, 8, 65, '2018-08-13 01:14:11', '2018-08-13 01:19:12'),
(215, 4, 9, 37, '2018-08-13 01:14:11', '2018-08-13 01:19:12'),
(216, 4, 10, 200, '2018-08-13 01:14:11', '2018-08-13 01:19:12'),
(217, 4, 11, 230, '2018-08-13 01:14:11', '2018-08-13 01:19:12'),
(218, 4, 13, 192, '2018-08-13 01:14:11', '2018-08-13 01:19:12'),
(219, 4, 14, 180, '2018-08-13 01:14:11', '2018-08-13 01:19:12'),
(220, 4, 15, 65, '2018-08-13 01:14:11', '2018-08-13 01:19:12'),
(221, 4, 16, 64, '2018-08-13 01:14:11', '2018-08-13 01:19:12'),
(222, 4, 17, 312, '2018-08-13 01:14:11', '2018-08-13 01:19:12'),
(223, 4, 18, 264, '2018-08-13 01:14:11', '2018-08-13 01:19:12'),
(224, 4, 19, 155, '2018-08-13 01:14:11', '2018-08-13 01:19:12'),
(225, 4, 21, 220, '2018-08-13 01:14:11', '2018-08-13 01:19:12'),
(226, 4, 22, 165, '2018-08-13 01:14:11', '2018-08-13 01:19:12'),
(227, 4, 23, 240, '2018-08-13 01:14:11', '2018-08-13 01:19:12'),
(228, 4, 24, 102, '2018-08-13 01:14:11', '2018-08-13 01:19:12'),
(229, 4, 25, 70, '2018-08-13 01:14:11', '2018-08-13 01:19:12'),
(230, 4, 26, 170, '2018-08-13 01:14:11', '2018-08-13 01:19:12'),
(231, 4, 27, 43, '2018-08-13 01:14:11', '2018-08-13 01:19:12'),
(232, 4, 28, 125, '2018-08-13 01:14:11', '2018-08-13 01:19:12'),
(233, 4, 29, 95, '2018-08-13 01:14:11', '2018-08-13 01:19:12'),
(234, 4, 30, 132, '2018-08-13 01:14:11', '2018-08-13 01:19:12'),
(235, 4, 31, 77, '2018-08-13 01:14:11', '2018-08-13 01:19:12'),
(236, 4, 32, 93, '2018-08-13 01:14:11', '2018-08-13 01:19:12'),
(237, 4, 33, 142, '2018-08-13 01:14:11', '2018-08-13 01:19:12'),
(238, 4, 34, 160, '2018-08-13 01:14:11', '2018-08-13 01:19:12'),
(239, 4, 35, 224, '2018-08-13 01:14:11', '2018-08-13 01:19:12'),
(240, 4, 36, 12, '2018-08-13 01:14:11', '2018-08-13 01:19:12'),
(241, 4, 37, 176, '2018-08-13 01:14:11', '2018-08-13 01:19:12'),
(242, 4, 38, 93, '2018-08-13 01:14:11', '2018-08-13 01:19:12'),
(243, 4, 39, 220, '2018-08-13 01:14:11', '2018-08-13 01:19:12'),
(244, 4, 40, 142, '2018-08-13 01:14:11', '2018-08-13 01:19:12'),
(245, 4, 41, 101, '2018-08-13 01:14:11', '2018-08-13 01:19:12'),
(246, 4, 42, 32, '2018-08-13 01:14:11', '2018-08-13 01:19:12'),
(247, 4, 43, 175, '2018-08-13 01:14:11', '2018-08-13 01:19:12'),
(248, 4, 44, 195, '2018-08-13 01:14:11', '2018-08-13 01:19:12'),
(249, 4, 45, 270, '2018-08-13 01:14:11', '2018-08-13 01:19:12'),
(250, 4, 46, 170, '2018-08-13 01:14:11', '2018-08-13 01:19:12'),
(251, 4, 47, 40, '2018-08-13 01:14:11', '2018-08-13 01:19:12'),
(252, 4, 48, 50, '2018-08-13 01:14:11', '2018-08-13 01:19:12'),
(253, 4, 49, 264, '2018-08-13 01:14:11', '2018-08-13 01:19:12'),
(254, 4, 50, 146, '2018-08-13 01:14:11', '2018-08-13 01:19:12'),
(255, 4, 51, 184, '2018-08-13 01:14:11', '2018-08-13 01:19:12'),
(256, 4, 54, 24, '2018-08-13 01:14:11', '2018-08-13 01:19:12'),
(257, 4, 55, 225, '2018-08-13 01:14:11', '2018-08-13 01:19:12'),
(258, 4, 56, 58, '2018-08-13 01:14:11', '2018-08-13 01:19:12'),
(259, 4, 57, 303, '2018-08-13 01:14:11', '2018-08-13 01:19:12'),
(260, 4, 58, 191, '2018-08-13 01:14:11', '2018-08-13 01:19:12'),
(261, 4, 59, 410, '2018-08-13 01:14:11', '2018-08-13 01:19:12'),
(262, 4, 60, 414, '2018-08-13 01:14:11', '2018-08-13 01:19:12'),
(263, 4, 61, 77, '2018-08-13 01:14:11', '2018-08-13 01:19:12'),
(264, 4, 62, 185, '2018-08-13 01:14:11', '2018-08-13 01:19:12'),
(265, 4, 63, 312, '2018-08-13 01:14:11', '2018-08-13 01:19:12'),
(266, 4, 64, 229, '2018-08-13 01:14:11', '2018-08-13 01:19:12'),
(267, 4, 65, 254, '2018-08-13 01:14:11', '2018-08-13 01:19:12'),
(268, 4, 66, 222, '2018-08-13 01:14:11', '2018-08-13 01:19:12'),
(269, 4, 67, 27, '2018-08-13 01:14:11', '2018-08-13 01:19:12'),
(270, 4, 68, 121, '2018-08-13 01:14:11', '2018-08-13 01:19:12'),
(271, 4, 69, 293, '2018-08-13 01:14:11', '2018-08-13 01:19:12'),
(272, 4, 70, 340, '2018-08-13 01:14:11', '2018-08-13 01:19:12'),
(273, 4, 71, 257, '2018-08-13 01:14:11', '2018-08-13 01:19:12'),
(274, 4, 72, 254, '2018-08-13 01:14:11', '2018-08-13 01:19:12'),
(275, 4, 73, 222, '2018-08-13 01:14:11', '2018-08-13 01:19:12'),
(276, 4, 74, 145, '2018-08-13 01:14:11', '2018-08-13 01:19:12'),
(277, 4, 82, 60, '2018-08-13 01:14:11', '2018-08-13 01:19:12'),
(278, 4, 83, 80, '2018-08-13 01:14:11', '2018-08-13 01:19:12'),
(279, 4, 84, 125, '2018-08-13 01:14:11', '2018-08-13 01:19:12'),
(280, 4, 85, 40, '2018-08-13 01:14:11', '2018-08-13 01:19:12'),
(281, 4, 86, 12, '2018-08-13 01:14:11', '2018-08-13 01:19:12'),
(282, 4, 92, 205, '2018-08-13 01:14:11', '2018-08-13 01:19:12'),
(283, 4, 94, 290, '2018-08-13 01:14:11', '2018-08-13 01:19:12'),
(284, 4, 95, 285, '2018-08-13 01:14:11', '2018-08-13 01:19:12'),
(285, 4, 100, 175, '2018-08-13 01:14:11', '2018-08-13 01:19:12'),
(286, 4, 101, 109, '2018-08-13 01:14:11', '2018-08-13 01:19:12'),
(287, 4, 109, 10, '2018-08-13 01:14:11', '2018-08-13 01:19:12'),
(288, 4, 110, 100, '2018-08-13 01:14:11', '2018-08-13 01:19:12'),
(289, 4, 113, 85, '2018-08-13 01:14:11', '2018-08-13 01:19:12'),
(290, 4, 114, 300, '2018-08-13 01:14:11', '2018-08-13 01:19:12'),
(291, 4, 116, 276, '2018-08-13 01:14:11', '2018-08-13 01:19:12'),
(292, 4, 119, 168, '2018-08-13 01:14:11', '2018-08-13 01:19:12'),
(293, 4, 120, 150, '2018-08-13 01:14:11', '2018-08-13 01:19:12'),
(294, 4, 125, 150, '2018-08-13 01:14:11', '2018-08-13 01:19:12'),
(295, 4, 135, 142, '2018-08-13 01:14:11', '2018-08-13 01:19:12'),
(296, 4, 137, 115, '2018-08-13 01:14:11', '2018-08-13 01:19:12'),
(297, 4, 139, 50, '2018-08-13 01:14:11', '2018-08-13 01:19:12'),
(298, 4, 140, 100, '2018-08-13 01:14:11', '2018-08-13 01:19:12'),
(299, 4, 141, 7, '2018-08-13 01:14:11', '2018-08-13 01:19:12'),
(300, 4, 142, 325, '2018-08-13 01:14:11', '2018-08-13 01:19:12'),
(301, 4, 143, 77, '2018-08-13 01:14:11', '2018-08-13 01:19:12'),
(302, 4, 146, 20, '2018-08-13 01:14:11', '2018-08-13 01:19:12'),
(303, 4, 153, 200, '2018-08-13 01:14:11', '2018-08-13 01:19:12'),
(304, 4, 155, 192, '2018-08-13 01:14:11', '2018-08-13 01:19:12'),
(305, 4, 157, 150, '2018-08-13 01:14:11', '2018-08-13 01:19:12'),
(306, 5, 6, 38, '2018-08-13 01:14:11', '2018-08-13 01:19:12'),
(307, 5, 7, 35, '2018-08-13 01:14:11', '2018-08-13 01:19:12'),
(308, 5, 9, 200, '2018-08-13 01:14:11', '2018-08-13 01:19:12'),
(309, 5, 11, 256, '2018-08-13 01:14:11', '2018-08-13 01:19:12'),
(310, 5, 12, 32, '2018-08-13 01:14:11', '2018-08-13 01:19:12'),
(311, 5, 13, 230, '2018-08-13 01:14:11', '2018-08-13 01:19:12'),
(312, 5, 14, 225, '2018-08-13 01:14:11', '2018-08-13 01:19:12'),
(313, 5, 15, 56, '2018-08-13 01:14:11', '2018-08-13 01:19:12'),
(314, 5, 16, 64, '2018-08-13 01:14:11', '2018-08-13 01:19:12'),
(315, 5, 17, 184, '2018-08-13 01:14:11', '2018-08-13 01:19:12'),
(316, 5, 18, 136, '2018-08-13 01:14:11', '2018-08-13 01:19:12'),
(317, 5, 19, 275, '2018-08-13 01:14:11', '2018-08-13 01:19:12'),
(318, 5, 21, 320, '2018-08-13 01:14:11', '2018-08-13 01:19:12'),
(319, 5, 22, 290, '2018-08-13 01:14:11', '2018-08-13 01:19:12'),
(320, 5, 23, 120, '2018-08-13 01:14:11', '2018-08-13 01:19:12'),
(321, 5, 24, 18, '2018-08-13 01:14:11', '2018-08-13 01:19:12'),
(322, 5, 25, 50, '2018-08-13 01:14:11', '2018-08-13 01:19:12'),
(323, 5, 27, 72, '2018-08-13 01:14:11', '2018-08-13 01:19:12'),
(324, 5, 28, 232, '2018-08-13 01:14:11', '2018-08-13 01:19:12'),
(325, 5, 29, 190, '2018-08-13 01:14:11', '2018-08-13 01:19:12'),
(326, 5, 30, 16, '2018-08-13 01:14:11', '2018-08-13 01:19:12'),
(327, 5, 31, 48, '2018-08-13 01:14:11', '2018-08-13 01:19:12'),
(328, 5, 32, 209, '2018-08-13 01:14:11', '2018-08-13 01:19:12'),
(329, 5, 33, 257, '2018-08-13 01:14:11', '2018-08-13 01:19:12'),
(330, 5, 34, 45, '2018-08-13 01:14:11', '2018-08-13 01:19:12'),
(331, 5, 36, 104, '2018-08-13 01:14:11', '2018-08-13 01:19:12'),
(332, 5, 37, 280, '2018-08-13 01:14:11', '2018-08-13 01:19:12'),
(333, 5, 39, 332, '2018-08-13 01:14:11', '2018-08-13 01:19:12'),
(334, 5, 40, 248, '2018-08-13 01:14:11', '2018-08-13 01:19:12'),
(335, 5, 41, 170, '2018-08-13 01:14:11', '2018-08-13 01:19:12'),
(336, 5, 42, 152, '2018-08-13 01:14:11', '2018-08-13 01:19:12'),
(337, 5, 43, 296, '2018-08-13 01:14:11', '2018-08-13 01:19:12'),
(338, 5, 44, 80, '2018-08-13 01:14:11', '2018-08-13 01:19:12'),
(339, 5, 45, 144, '2018-08-13 01:14:11', '2018-08-13 01:19:12'),
(340, 5, 46, 150, '2018-08-13 01:14:11', '2018-08-13 01:19:12'),
(341, 5, 47, 85, '2018-08-13 01:14:11', '2018-08-13 01:19:12'),
(342, 5, 48, 184, '2018-08-13 01:14:11', '2018-08-13 01:19:12'),
(343, 5, 49, 144, '2018-08-13 01:14:11', '2018-08-13 01:19:12'),
(344, 5, 50, 32, '2018-08-13 01:14:11', '2018-08-13 01:19:12'),
(345, 5, 51, 312, '2018-08-13 01:14:11', '2018-08-13 01:19:12'),
(346, 5, 55, 322, '2018-08-13 01:14:11', '2018-08-13 01:19:12'),
(347, 5, 56, 300, '2018-08-13 01:14:11', '2018-08-13 01:19:12'),
(348, 5, 57, 381, '2018-08-13 01:14:11', '2018-08-13 01:19:12'),
(349, 5, 58, 232, '2018-08-13 01:14:11', '2018-08-13 01:19:12'),
(350, 5, 59, 530, '2018-08-13 01:14:11', '2018-08-13 01:19:12'),
(351, 5, 60, 529, '2018-08-13 01:14:11', '2018-08-13 01:19:12'),
(352, 5, 62, 314, '2018-08-13 01:14:11', '2018-08-13 01:19:12'),
(353, 5, 63, 440, '2018-08-13 01:14:11', '2018-08-13 01:19:12'),
(354, 5, 64, 344, '2018-08-13 01:14:11', '2018-08-13 01:19:12'),
(355, 5, 65, 235, '2018-08-13 01:14:11', '2018-08-13 01:19:12'),
(356, 5, 66, 106, '2018-08-13 01:14:11', '2018-08-13 01:19:12'),
(357, 5, 67, 89, '2018-08-13 01:14:11', '2018-08-13 01:19:12'),
(358, 5, 68, 190, '2018-08-13 01:14:11', '2018-08-13 01:19:12'),
(359, 5, 69, 275, '2018-08-13 01:14:11', '2018-08-13 01:19:12'),
(360, 5, 70, 455, '2018-08-13 01:14:11', '2018-08-13 01:19:12'),
(361, 5, 71, 373, '2018-08-13 01:14:11', '2018-08-13 01:19:12'),
(362, 5, 72, 370, '2018-08-13 01:14:11', '2018-08-13 01:19:12'),
(363, 5, 73, 203, '2018-08-13 01:14:11', '2018-08-13 01:19:12'),
(364, 5, 84, 8, '2018-08-13 01:14:11', '2018-08-13 01:19:12'),
(365, 5, 94, 167, '2018-08-13 01:14:11', '2018-08-13 01:19:12'),
(366, 5, 96, 16, '2018-08-13 01:14:11', '2018-08-13 01:19:12'),
(367, 5, 98, 140, '2018-08-13 01:14:11', '2018-08-13 01:19:12'),
(368, 5, 110, 40, '2018-08-13 01:14:11', '2018-08-13 01:19:12'),
(369, 5, 113, 35, '2018-08-13 01:14:11', '2018-08-13 01:19:12'),
(370, 5, 116, 390, '2018-08-13 01:14:11', '2018-08-13 01:19:12'),
(371, 5, 119, 90, '2018-08-13 01:14:11', '2018-08-13 01:19:12'),
(372, 5, 135, 20, '2018-08-13 01:14:11', '2018-08-13 01:19:12'),
(373, 5, 150, 60, '2018-08-13 01:14:11', '2018-08-13 01:19:12'),
(374, 5, 152, 15, '2018-08-13 01:14:11', '2018-08-13 01:19:12'),
(375, 5, 155, 70, '2018-08-13 01:14:11', '2018-08-13 01:19:12'),
(376, 6, 18, 110, '2018-08-13 01:14:11', '2018-08-13 01:19:12'),
(377, 6, 24, 65, '2018-08-13 01:14:11', '2018-08-13 01:19:12'),
(378, 6, 44, 55, '2018-08-13 01:14:11', '2018-08-13 01:19:12'),
(379, 6, 46, 100, '2018-08-13 01:14:11', '2018-08-13 01:19:12'),
(380, 6, 84, 30, '2018-08-13 01:14:11', '2018-08-13 01:19:12'),
(381, 6, 135, 20, '2018-08-13 01:14:11', '2018-08-13 01:19:12'),
(382, 7, 9, 135, '2018-08-13 01:14:11', '2018-08-13 01:19:12'),
(383, 7, 10, 264, '2018-08-13 01:14:11', '2018-08-13 01:19:12'),
(384, 7, 11, 320, '2018-08-13 01:14:11', '2018-08-13 01:19:12'),
(385, 7, 12, 8, '2018-08-13 01:14:11', '2018-08-13 01:19:12'),
(386, 7, 13, 296, '2018-08-13 01:14:11', '2018-08-13 01:19:12'),
(387, 7, 14, 189, '2018-08-13 01:14:11', '2018-08-13 01:19:12'),
(388, 7, 15, 32, '2018-08-13 01:14:11', '2018-08-13 01:19:12'),
(389, 7, 16, 4, '2018-08-13 01:14:11', '2018-08-13 01:19:12'),
(390, 7, 17, 208, '2018-08-13 01:14:11', '2018-08-13 01:19:12'),
(391, 7, 18, 160, '2018-08-13 01:14:11', '2018-08-13 01:19:12'),
(392, 7, 19, 288, '2018-08-13 01:14:11', '2018-08-13 01:19:12'),
(393, 7, 20, 240, '2018-08-13 01:14:11', '2018-08-13 01:19:12'),
(394, 7, 21, 312, '2018-08-13 01:14:11', '2018-08-13 01:19:12'),
(395, 7, 22, 288, '2018-08-13 01:14:11', '2018-08-13 01:19:12'),
(396, 7, 23, 288, '2018-08-13 01:14:11', '2018-08-13 01:19:12'),
(397, 7, 24, 8, '2018-08-13 01:14:11', '2018-08-13 01:19:12'),
(398, 7, 25, 26, '2018-08-13 01:14:11', '2018-08-13 01:19:12'),
(399, 7, 26, 296, '2018-08-13 01:14:11', '2018-08-13 01:19:12'),
(400, 7, 27, 61, '2018-08-13 01:14:11', '2018-08-13 01:19:12'),
(401, 7, 28, 216, '2018-08-13 01:14:11', '2018-08-13 01:19:12'),
(402, 7, 29, 136, '2018-08-13 01:14:11', '2018-08-13 01:19:12'),
(403, 7, 30, 40, '2018-08-13 01:14:11', '2018-08-13 01:19:12'),
(404, 7, 31, 24, '2018-08-13 01:14:11', '2018-08-13 01:19:12'),
(405, 7, 32, 184, '2018-08-13 01:14:11', '2018-08-13 01:19:12'),
(406, 7, 33, 240, '2018-08-13 01:14:11', '2018-08-13 01:19:12'),
(407, 7, 34, 72, '2018-08-13 01:14:11', '2018-08-13 01:19:12'),
(408, 7, 35, 320, '2018-08-13 01:14:11', '2018-08-13 01:19:12'),
(409, 7, 36, 80, '2018-08-13 01:14:11', '2018-08-13 01:19:12'),
(410, 7, 37, 272, '2018-08-13 01:14:11', '2018-08-13 01:19:12'),
(411, 7, 38, 184, '2018-08-13 01:14:11', '2018-08-13 01:19:12'),
(412, 7, 39, 320, '2018-08-13 01:14:11', '2018-08-13 01:19:12'),
(413, 7, 40, 232, '2018-08-13 01:14:11', '2018-08-13 01:19:12'),
(414, 7, 41, 136, '2018-08-13 01:14:11', '2018-08-13 01:19:12'),
(415, 7, 42, 136, '2018-08-13 01:14:11', '2018-08-13 01:19:12'),
(416, 7, 43, 272, '2018-08-13 01:14:11', '2018-08-13 01:19:12'),
(417, 7, 44, 96, '2018-08-13 01:14:11', '2018-08-13 01:19:12'),
(418, 7, 45, 168, '2018-08-13 01:14:11', '2018-08-13 01:19:12'),
(419, 7, 46, 208, '2018-08-13 01:14:11', '2018-08-13 01:19:12'),
(420, 7, 47, 56, '2018-08-13 01:14:11', '2018-08-13 01:19:12'),
(421, 7, 48, 160, '2018-08-13 01:14:11', '2018-08-13 01:19:12'),
(422, 7, 49, 160, '2018-08-13 01:14:11', '2018-08-13 01:19:12'),
(423, 7, 50, 56, '2018-08-13 01:14:11', '2018-08-13 01:19:12'),
(424, 7, 51, 288, '2018-08-13 01:14:11', '2018-08-13 01:19:12'),
(425, 7, 54, 120, '2018-08-13 01:14:11', '2018-08-13 01:19:12'),
(426, 7, 113, 16, '2018-08-13 01:14:11', '2018-08-13 01:19:12'),
(427, 8, 9, 90, '2018-08-13 01:14:11', '2018-08-13 01:19:12'),
(428, 8, 15, 144, '2018-08-13 01:14:11', '2018-08-13 01:19:12'),
(429, 8, 16, 144, '2018-08-13 01:14:11', '2018-08-13 01:19:12'),
(430, 8, 38, 40, '2018-08-13 01:14:11', '2018-08-13 01:19:12'),
(431, 8, 113, 176, '2018-08-13 01:14:11', '2018-08-13 01:19:12'),
(432, 9, 11, 280, '2018-08-13 01:14:11', '2018-08-13 01:19:12'),
(433, 9, 12, 128, '2018-08-13 01:14:11', '2018-08-13 01:19:12'),
(434, 9, 13, 240, '2018-08-13 01:14:11', '2018-08-13 01:19:12'),
(435, 9, 15, 104, '2018-08-13 01:14:11', '2018-08-13 01:19:12'),
(436, 9, 16, 96, '2018-08-13 01:14:11', '2018-08-13 01:19:12'),
(437, 9, 19, 160, '2018-08-13 01:14:11', '2018-08-13 01:19:12'),
(438, 9, 21, 208, '2018-08-13 01:14:11', '2018-08-13 01:19:12'),
(439, 9, 22, 160, '2018-08-13 01:14:11', '2018-08-13 01:19:12'),
(440, 9, 24, 139, '2018-08-13 01:14:11', '2018-08-13 01:19:12'),
(441, 9, 25, 112, '2018-08-13 01:14:11', '2018-08-13 01:19:12'),
(442, 9, 26, 175, '2018-08-13 01:14:11', '2018-08-13 01:19:12'),
(443, 9, 27, 88, '2018-08-13 01:14:11', '2018-08-13 01:19:12'),
(444, 9, 28, 120, '2018-08-13 01:14:11', '2018-08-13 01:19:12'),
(445, 9, 29, 120, '2018-08-13 01:14:11', '2018-08-13 01:19:12'),
(446, 9, 30, 168, '2018-08-13 01:14:11', '2018-08-13 01:19:12'),
(447, 9, 31, 112, '2018-08-13 01:14:11', '2018-08-13 01:19:12'),
(448, 9, 32, 80, '2018-08-13 01:14:11', '2018-08-13 01:19:12'),
(449, 9, 33, 144, '2018-08-13 01:14:11', '2018-08-13 01:19:12'),
(450, 9, 35, 192, '2018-08-13 01:14:11', '2018-08-13 01:19:12'),
(451, 9, 36, 53, '2018-08-13 01:14:11', '2018-08-13 01:19:12'),
(452, 9, 38, 75, '2018-08-13 01:14:11', '2018-08-13 01:19:12'),
(453, 9, 39, 224, '2018-08-13 01:14:11', '2018-08-13 01:19:12'),
(454, 9, 40, 125, '2018-08-13 01:14:11', '2018-08-13 01:19:12'),
(455, 9, 41, 144, '2018-08-13 01:14:11', '2018-08-13 01:19:12'),
(456, 9, 42, 8, '2018-08-13 01:14:11', '2018-08-13 01:19:12'),
(457, 9, 43, 156, '2018-08-13 01:14:11', '2018-08-13 01:19:12'),
(458, 9, 44, 232, '2018-08-13 01:14:11', '2018-08-13 01:19:12'),
(459, 9, 45, 304, '2018-08-13 01:14:11', '2018-08-13 01:19:12'),
(460, 9, 46, 215, '2018-08-13 01:14:11', '2018-08-13 01:19:12'),
(461, 9, 47, 80, '2018-08-13 01:14:11', '2018-08-13 01:19:12'),
(462, 9, 48, 32, '2018-08-13 01:14:11', '2018-08-13 01:19:12'),
(463, 9, 50, 192, '2018-08-13 01:14:11', '2018-08-13 01:19:12'),
(464, 9, 51, 152, '2018-08-13 01:14:11', '2018-08-13 01:19:12'),
(465, 9, 54, 24, '2018-08-13 01:14:11', '2018-08-13 01:19:12'),
(466, 9, 55, 185, '2018-08-13 01:14:11', '2018-08-13 01:19:12'),
(467, 9, 56, 62, '2018-08-13 01:14:11', '2018-08-13 01:19:12'),
(468, 9, 59, 364, '2018-08-13 01:14:11', '2018-08-13 01:19:12'),
(469, 9, 71, 240, '2018-08-13 01:14:11', '2018-08-13 01:19:12'),
(470, 9, 74, 110, '2018-08-13 01:14:11', '2018-08-13 01:19:12'),
(471, 9, 76, 160, '2018-08-13 01:14:11', '2018-08-13 01:19:12'),
(472, 9, 77, 46, '2018-08-13 01:14:11', '2018-08-13 01:19:12'),
(473, 9, 80, 180, '2018-08-13 01:14:11', '2018-08-13 01:19:12'),
(474, 9, 81, 12, '2018-08-13 01:14:11', '2018-08-13 01:19:12'),
(475, 9, 82, 48, '2018-08-13 01:14:11', '2018-08-13 01:19:12'),
(476, 9, 83, 60, '2018-08-13 01:14:11', '2018-08-13 01:19:12'),
(477, 9, 84, 165, '2018-08-13 01:14:11', '2018-08-13 01:19:12'),
(478, 9, 85, 20, '2018-08-13 01:14:11', '2018-08-13 01:19:12'),
(479, 9, 86, 28, '2018-08-13 01:14:11', '2018-08-13 01:19:12'),
(480, 9, 113, 122, '2018-08-13 01:14:11', '2018-08-13 01:19:12'),
(481, 9, 114, 267, '2018-08-13 01:14:11', '2018-08-13 01:19:12'),
(482, 9, 116, 256, '2018-08-13 01:14:11', '2018-08-13 01:19:12'),
(483, 9, 137, 64, '2018-08-13 01:14:11', '2018-08-13 01:19:12'),
(484, 10, 11, 280, '2018-08-13 01:14:11', '2018-08-13 01:19:12'),
(485, 10, 12, 280, '2018-08-13 01:14:11', '2018-08-13 01:19:12'),
(486, 10, 13, 240, '2018-08-13 01:14:11', '2018-08-13 01:19:12'),
(487, 10, 15, 256, '2018-08-13 01:14:11', '2018-08-13 01:19:12'),
(488, 10, 16, 256, '2018-08-13 01:14:11', '2018-08-13 01:19:12'),
(489, 10, 17, 528, '2018-08-13 01:14:11', '2018-08-13 01:19:12'),
(490, 10, 18, 216, '2018-08-13 01:14:11', '2018-08-13 01:19:12'),
(491, 10, 19, 40, '2018-08-13 01:14:11', '2018-08-13 01:19:12'),
(492, 10, 20, 144, '2018-08-13 01:14:11', '2018-08-13 01:19:12'),
(493, 10, 21, 80, '2018-08-13 01:14:11', '2018-08-13 01:19:12'),
(494, 10, 22, 48, '2018-08-13 01:14:11', '2018-08-13 01:19:12'),
(495, 10, 23, 480, '2018-08-13 01:14:11', '2018-08-13 01:19:12'),
(496, 10, 25, 264, '2018-08-13 01:14:11', '2018-08-13 01:19:12'),
(497, 10, 26, 55, '2018-08-13 01:14:11', '2018-08-13 01:19:12'),
(498, 10, 27, 240, '2018-08-13 01:14:11', '2018-08-13 01:19:12'),
(499, 10, 28, 120, '2018-08-13 01:14:11', '2018-08-13 01:19:12'),
(500, 10, 29, 312, '2018-08-13 01:14:11', '2018-08-13 01:19:12'),
(501, 10, 30, 328, '2018-08-13 01:14:11', '2018-08-13 01:19:12'),
(502, 10, 31, 264, '2018-08-13 01:14:11', '2018-08-13 01:19:12'),
(503, 10, 32, 104, '2018-08-13 01:14:11', '2018-08-13 01:19:12'),
(504, 10, 33, 96, '2018-08-13 01:14:11', '2018-08-13 01:19:12'),
(505, 10, 34, 360, '2018-08-13 01:14:11', '2018-08-13 01:19:12'),
(506, 10, 35, 88, '2018-08-13 01:14:11', '2018-08-13 01:19:12'),
(507, 10, 36, 208, '2018-08-13 01:14:11', '2018-08-13 01:19:12'),
(508, 10, 37, 80, '2018-08-13 01:14:11', '2018-08-13 01:19:12'),
(509, 10, 38, 176, '2018-08-13 01:14:11', '2018-08-13 01:19:12'),
(510, 10, 39, 102, '2018-08-13 01:14:11', '2018-08-13 01:19:12'),
(511, 10, 41, 344, '2018-08-13 01:14:11', '2018-08-13 01:19:12'),
(512, 10, 42, 192, '2018-08-13 01:14:11', '2018-08-13 01:19:12'),
(513, 10, 43, 48, '2018-08-13 01:14:11', '2018-08-13 01:19:12'),
(514, 10, 44, 384, '2018-08-13 01:14:11', '2018-08-13 01:19:12'),
(515, 10, 45, 488, '2018-08-13 01:14:11', '2018-08-13 01:19:12'),
(516, 10, 46, 544, '2018-08-13 01:14:11', '2018-08-13 01:19:12'),
(517, 10, 47, 232, '2018-08-13 01:14:11', '2018-08-13 01:19:12'),
(518, 10, 48, 200, '2018-08-13 01:14:11', '2018-08-13 01:19:12'),
(519, 10, 49, 512, '2018-08-13 01:14:11', '2018-08-13 01:19:12'),
(520, 10, 50, 344, '2018-08-13 01:14:11', '2018-08-13 01:19:12'),
(521, 10, 51, 88, '2018-08-13 01:14:11', '2018-08-13 01:19:12'),
(522, 10, 54, 192, '2018-08-13 01:14:11', '2018-08-13 01:19:12'),
(523, 10, 55, 72, '2018-08-13 01:14:11', '2018-08-13 01:19:12'),
(524, 10, 59, 256, '2018-08-13 01:14:11', '2018-08-13 01:19:12'),
(525, 10, 71, 175, '2018-08-13 01:14:11', '2018-08-13 01:19:12'),
(526, 10, 87, 70, '2018-08-13 01:14:11', '2018-08-13 01:19:12'),
(527, 10, 113, 240, '2018-08-13 01:14:11', '2018-08-13 01:19:12'),
(528, 10, 114, 160, '2018-08-13 01:14:11', '2018-08-13 01:19:12'),
(529, 11, 12, 312, '2018-08-13 01:14:11', '2018-08-13 01:19:12'),
(530, 11, 13, 30, '2018-08-13 01:14:11', '2018-08-13 01:19:12'),
(531, 11, 14, 104, '2018-08-13 01:14:11', '2018-08-13 01:19:12'),
(532, 11, 15, 288, '2018-08-13 01:14:11', '2018-08-13 01:19:12'),
(533, 11, 16, 288, '2018-08-13 01:14:11', '2018-08-13 01:19:12'),
(534, 11, 17, 120, '2018-08-13 01:14:11', '2018-08-13 01:19:12'),
(535, 11, 18, 280, '2018-08-13 01:14:11', '2018-08-13 01:19:12'),
(536, 11, 19, 206, '2018-08-13 01:14:11', '2018-08-13 01:19:12'),
(537, 11, 20, 192, '2018-08-13 01:14:11', '2018-08-13 01:19:12'),
(538, 11, 21, 280, '2018-08-13 01:14:11', '2018-08-13 01:19:12'),
(539, 11, 22, 170, '2018-08-13 01:14:11', '2018-08-13 01:19:12'),
(540, 11, 23, 134, '2018-08-13 01:14:11', '2018-08-13 01:19:12'),
(541, 11, 24, 328, '2018-08-13 01:14:11', '2018-08-13 01:19:12'),
(542, 11, 25, 296, '2018-08-13 01:14:11', '2018-08-13 01:19:12'),
(543, 11, 26, 272, '2018-08-13 01:14:11', '2018-08-13 01:19:12'),
(544, 11, 27, 206, '2018-08-13 01:14:11', '2018-08-13 01:19:12'),
(545, 11, 28, 134, '2018-08-13 01:14:11', '2018-08-13 01:19:12'),
(546, 11, 29, 160, '2018-08-13 01:14:11', '2018-08-13 01:19:12'),
(547, 11, 30, 360, '2018-08-13 01:14:11', '2018-08-13 01:19:12'),
(548, 11, 31, 312, '2018-08-13 01:14:11', '2018-08-13 01:19:12'),
(549, 11, 32, 175, '2018-08-13 01:14:11', '2018-08-13 01:19:12'),
(550, 11, 33, 159, '2018-08-13 01:14:11', '2018-08-13 01:19:12'),
(551, 11, 34, 211, '2018-08-13 01:14:11', '2018-08-13 01:19:12'),
(552, 11, 35, 344, '2018-08-13 01:14:11', '2018-08-13 01:19:12'),
(553, 11, 36, 256, '2018-08-13 01:14:11', '2018-08-13 01:19:12'),
(554, 11, 37, 192, '2018-08-13 01:14:11', '2018-08-13 01:19:12'),
(555, 11, 38, 208, '2018-08-13 01:14:11', '2018-08-13 01:19:12'),
(556, 11, 39, 233, '2018-08-13 01:14:11', '2018-08-13 01:19:12'),
(557, 11, 40, 262, '2018-08-13 01:14:11', '2018-08-13 01:19:12'),
(558, 11, 41, 129, '2018-08-13 01:14:11', '2018-08-13 01:19:12'),
(559, 11, 42, 272, '2018-08-13 01:14:11', '2018-08-13 01:19:12'),
(560, 11, 43, 272, '2018-08-13 01:14:11', '2018-08-13 01:19:12'),
(561, 11, 44, 288, '2018-08-13 01:14:11', '2018-08-13 01:19:12'),
(562, 11, 45, 128, '2018-08-13 01:14:11', '2018-08-13 01:19:12'),
(563, 11, 46, 128, '2018-08-13 01:14:11', '2018-08-13 01:19:12'),
(564, 11, 47, 264, '2018-08-13 01:14:11', '2018-08-13 01:19:12'),
(565, 11, 48, 272, '2018-08-13 01:14:11', '2018-08-13 01:19:12'),
(566, 11, 49, 120, '2018-08-13 01:14:11', '2018-08-13 01:19:12'),
(567, 11, 54, 248, '2018-08-13 01:14:11', '2018-08-13 01:19:12'),
(568, 11, 55, 272, '2018-08-13 01:14:11', '2018-08-13 01:19:12'),
(569, 11, 56, 172, '2018-08-13 01:14:11', '2018-08-13 01:19:12'),
(570, 11, 57, 167, '2018-08-13 01:14:11', '2018-08-13 01:19:12'),
(571, 11, 58, 44, '2018-08-13 01:14:11', '2018-08-13 01:19:12'),
(572, 11, 59, 454, '2018-08-13 01:14:11', '2018-08-13 01:19:12'),
(573, 11, 60, 472, '2018-08-13 01:14:11', '2018-08-13 01:19:12'),
(574, 11, 62, 57, '2018-08-13 01:14:11', '2018-08-13 01:19:12'),
(575, 11, 63, 310, '2018-08-13 01:14:11', '2018-08-13 01:19:12'),
(576, 11, 64, 286, '2018-08-13 01:14:11', '2018-08-13 01:19:12'),
(577, 11, 65, 89, '2018-08-13 01:14:11', '2018-08-13 01:19:12'),
(578, 11, 66, 150, '2018-08-13 01:14:11', '2018-08-13 01:19:12'),
(579, 11, 67, 198, '2018-08-13 01:14:11', '2018-08-13 01:19:12'),
(580, 11, 68, 109, '2018-08-13 01:14:11', '2018-08-13 01:19:12'),
(581, 11, 69, 125, '2018-08-13 01:14:11', '2018-08-13 01:19:12'),
(582, 11, 70, 398, '2018-08-13 01:14:11', '2018-08-13 01:19:12'),
(583, 11, 71, 277, '2018-08-13 01:14:11', '2018-08-13 01:19:12'),
(584, 11, 72, 312, '2018-08-13 01:14:11', '2018-08-13 01:19:12'),
(585, 11, 73, 53, '2018-08-13 01:14:11', '2018-08-13 01:19:12'),
(586, 11, 113, 304, '2018-08-13 01:14:11', '2018-08-13 01:19:12'),
(587, 11, 148, 10, '2018-08-13 01:14:11', '2018-08-13 01:19:12'),
(588, 12, 13, 280, '2018-08-13 01:14:11', '2018-08-13 01:19:12'),
(589, 12, 14, 172, '2018-08-13 01:14:11', '2018-08-13 01:19:12'),
(590, 12, 15, 24, '2018-08-13 01:14:11', '2018-08-13 01:19:12'),
(591, 12, 16, 24, '2018-08-13 01:14:11', '2018-08-13 01:19:12'),
(592, 12, 17, 216, '2018-08-13 01:14:11', '2018-08-13 01:19:12'),
(593, 12, 18, 168, '2018-08-13 01:14:11', '2018-08-13 01:19:12'),
(594, 12, 19, 248, '2018-08-13 01:14:11', '2018-08-13 01:19:12'),
(595, 12, 20, 232, '2018-08-13 01:14:11', '2018-08-13 01:19:12'),
(596, 12, 21, 288, '2018-08-13 01:14:11', '2018-08-13 01:19:12'),
(597, 12, 22, 272, '2018-08-13 01:14:11', '2018-08-13 01:19:12'),
(598, 12, 23, 160, '2018-08-13 01:14:11', '2018-08-13 01:19:12'),
(599, 12, 24, 20, '2018-08-13 01:14:11', '2018-08-13 01:19:12'),
(600, 12, 25, 12, '2018-08-13 01:14:11', '2018-08-13 01:19:12'),
(601, 12, 26, 272, '2018-08-13 01:14:11', '2018-08-13 01:19:12'),
(602, 12, 27, 40, '2018-08-13 01:14:11', '2018-08-13 01:19:12'),
(603, 12, 28, 208, '2018-08-13 01:14:11', '2018-08-13 01:19:12'),
(604, 12, 29, 120, '2018-08-13 01:14:11', '2018-08-13 01:19:12'),
(605, 12, 30, 48, '2018-08-13 01:14:11', '2018-08-13 01:19:12'),
(606, 12, 31, 16, '2018-08-13 01:14:11', '2018-08-13 01:19:12'),
(607, 12, 32, 176, '2018-08-13 01:14:11', '2018-08-13 01:19:12'),
(608, 12, 33, 232, '2018-08-13 01:14:11', '2018-08-13 01:19:12'),
(609, 12, 34, 80, '2018-08-13 01:14:11', '2018-08-13 01:19:12'),
(610, 12, 35, 312, '2018-08-13 01:14:11', '2018-08-13 01:19:12'),
(611, 12, 36, 72, '2018-08-13 01:14:11', '2018-08-13 01:19:12'),
(612, 12, 37, 248, '2018-08-13 01:14:11', '2018-08-13 01:19:12'),
(613, 12, 38, 176, '2018-08-13 01:14:11', '2018-08-13 01:19:12'),
(614, 12, 39, 312, '2018-08-13 01:14:11', '2018-08-13 01:19:12'),
(615, 12, 40, 224, '2018-08-13 01:14:11', '2018-08-13 01:19:12'),
(616, 12, 41, 128, '2018-08-13 01:14:11', '2018-08-13 01:19:12'),
(617, 12, 42, 120, '2018-08-13 01:14:11', '2018-08-13 01:19:12'),
(618, 12, 43, 264, '2018-08-13 01:14:11', '2018-08-13 01:19:12'),
(619, 12, 44, 104, '2018-08-13 01:14:11', '2018-08-13 01:19:12'),
(620, 12, 45, 224, '2018-08-13 01:14:11', '2018-08-13 01:19:12'),
(621, 12, 46, 176, '2018-08-13 01:14:11', '2018-08-13 01:19:12'),
(622, 12, 47, 48, '2018-08-13 01:14:11', '2018-08-13 01:19:12'),
(623, 12, 48, 152, '2018-08-13 01:14:11', '2018-08-13 01:19:12'),
(624, 12, 49, 184, '2018-08-13 01:14:11', '2018-08-13 01:19:12'),
(625, 12, 50, 64, '2018-08-13 01:14:11', '2018-08-13 01:19:12'),
(626, 12, 51, 280, '2018-08-13 01:14:11', '2018-08-13 01:19:12'),
(627, 12, 54, 100, '2018-08-13 01:14:11', '2018-08-13 01:19:12'),
(628, 12, 113, 8, '2018-08-13 01:14:11', '2018-08-13 01:19:12'),
(629, 13, 14, 37, '2018-08-13 01:14:11', '2018-08-13 01:19:12'),
(630, 13, 15, 256, '2018-08-13 01:14:11', '2018-08-13 01:19:12'),
(631, 13, 16, 256, '2018-08-13 01:14:11', '2018-08-13 01:19:12'),
(632, 13, 17, 72, '2018-08-13 01:14:11', '2018-08-13 01:19:12'),
(633, 13, 18, 160, '2018-08-13 01:14:11', '2018-08-13 01:19:12'),
(634, 13, 19, 224, '2018-08-13 01:14:11', '2018-08-13 01:19:12'),
(635, 13, 20, 152, '2018-08-13 01:14:11', '2018-08-13 01:19:12'),
(636, 13, 21, 248, '2018-08-13 01:14:11', '2018-08-13 01:19:12'),
(637, 13, 22, 224, '2018-08-13 01:14:11', '2018-08-13 01:19:12'),
(638, 13, 23, 112, '2018-08-13 01:14:11', '2018-08-13 01:19:12'),
(639, 13, 24, 256, '2018-08-13 01:14:11', '2018-08-13 01:19:12'),
(640, 13, 25, 200, '2018-08-13 01:14:11', '2018-08-13 01:19:12'),
(641, 13, 28, 128, '2018-08-13 01:14:11', '2018-08-13 01:19:12'),
(642, 13, 29, 168, '2018-08-13 01:14:11', '2018-08-13 01:19:12'),
(643, 13, 30, 250, '2018-08-13 01:14:11', '2018-08-13 01:19:12'),
(644, 13, 31, 220, '2018-08-13 01:14:11', '2018-08-13 01:19:12'),
(645, 13, 32, 216, '2018-08-13 01:14:11', '2018-08-13 01:19:12'),
(646, 13, 33, 160, '2018-08-13 01:14:11', '2018-08-13 01:19:12'),
(647, 13, 36, 208, '2018-08-13 01:14:11', '2018-08-13 01:19:12'),
(648, 13, 37, 168, '2018-08-13 01:14:11', '2018-08-13 01:19:12'),
(649, 13, 41, 100, '2018-08-13 01:14:11', '2018-08-13 01:19:12'),
(650, 13, 42, 232, '2018-08-13 01:14:11', '2018-08-13 01:19:12'),
(651, 13, 44, 180, '2018-08-13 01:14:11', '2018-08-13 01:19:12'),
(652, 13, 45, 136, '2018-08-13 01:14:11', '2018-08-13 01:19:12'),
(653, 13, 46, 120, '2018-08-13 01:14:11', '2018-08-13 01:19:12'),
(654, 13, 47, 181, '2018-08-13 01:14:11', '2018-08-13 01:19:12'),
(655, 13, 48, 248, '2018-08-13 01:14:11', '2018-08-13 01:19:12'),
(656, 13, 49, 144, '2018-08-13 01:14:11', '2018-08-13 01:19:12'),
(657, 13, 50, 336, '2018-08-13 01:14:11', '2018-08-13 01:19:12'),
(658, 13, 59, 461, '2018-08-13 01:14:11', '2018-08-13 01:19:12'),
(659, 13, 71, 316, '2018-08-13 01:14:11', '2018-08-13 01:19:12'),
(660, 13, 92, 16, '2018-08-13 01:14:11', '2018-08-13 01:19:12'),
(661, 13, 93, 64, '2018-08-13 01:14:11', '2018-08-13 01:19:12'),
(662, 13, 94, 135, '2018-08-13 01:14:11', '2018-08-13 01:19:12'),
(663, 13, 95, 60, '2018-08-13 01:14:11', '2018-08-13 01:19:12'),
(664, 13, 99, 36, '2018-08-13 01:14:11', '2018-08-13 01:19:12'),
(665, 13, 100, 12, '2018-08-13 01:14:11', '2018-08-13 01:19:12'),
(666, 13, 113, 205, '2018-08-13 01:14:11', '2018-08-13 01:19:12'),
(667, 13, 114, 200, '2018-08-13 01:14:11', '2018-08-13 01:19:12'),
(668, 13, 116, 330, '2018-08-13 01:14:11', '2018-08-13 01:19:12'),
(669, 13, 161, 100, '2018-08-13 01:14:11', '2018-08-13 01:19:12'),
(670, 14, 15, 156, '2018-08-13 01:14:11', '2018-08-13 01:19:12'),
(671, 14, 16, 155, '2018-08-13 01:14:11', '2018-08-13 01:19:12'),
(672, 14, 17, 88, '2018-08-13 01:14:11', '2018-08-13 01:19:12'),
(673, 14, 23, 112, '2018-08-13 01:14:11', '2018-08-13 01:19:12'),
(674, 14, 24, 186, '2018-08-13 01:14:11', '2018-08-13 01:19:12'),
(675, 14, 25, 160, '2018-08-13 01:14:11', '2018-08-13 01:19:12'),
(676, 14, 27, 135, '2018-08-13 01:14:11', '2018-08-13 01:19:12'),
(677, 14, 29, 140, '2018-08-13 01:14:11', '2018-08-13 01:19:12'),
(678, 14, 36, 176, '2018-08-13 01:14:11', '2018-08-13 01:19:12'),
(679, 14, 41, 55, '2018-08-13 01:14:11', '2018-08-13 01:19:12'),
(680, 14, 42, 192, '2018-08-13 01:14:11', '2018-08-13 01:19:12'),
(681, 14, 45, 120, '2018-08-13 01:14:11', '2018-08-13 01:19:12'),
(682, 14, 46, 95, '2018-08-13 01:14:11', '2018-08-13 01:19:12'),
(683, 14, 47, 136, '2018-08-13 01:14:11', '2018-08-13 01:19:12'),
(684, 14, 48, 224, '2018-08-13 01:14:11', '2018-08-13 01:19:12'),
(685, 14, 113, 168, '2018-08-13 01:14:11', '2018-08-13 01:19:12'),
(686, 15, 16, 4, '2018-08-13 01:14:11', '2018-08-13 01:19:12'),
(687, 15, 17, 248, '2018-08-13 01:14:11', '2018-08-13 01:19:12'),
(688, 15, 18, 192, '2018-08-13 01:14:11', '2018-08-13 01:19:12'),
(689, 15, 19, 224, '2018-08-13 01:14:11', '2018-08-13 01:19:12'),
(690, 15, 20, 208, '2018-08-13 01:14:11', '2018-08-13 01:19:12'),
(691, 15, 21, 264, '2018-08-13 01:14:11', '2018-08-13 01:19:12'),
(692, 15, 22, 248, '2018-08-13 01:14:11', '2018-08-13 01:19:12'),
(693, 15, 23, 176, '2018-08-13 01:14:11', '2018-08-13 01:19:12'),
(694, 15, 24, 37, '2018-08-13 01:14:11', '2018-08-13 01:19:12'),
(695, 15, 25, 7, '2018-08-13 01:14:11', '2018-08-13 01:19:12'),
(696, 15, 26, 248, '2018-08-13 01:14:11', '2018-08-13 01:19:12'),
(697, 15, 27, 22, '2018-08-13 01:14:11', '2018-08-13 01:19:12'),
(698, 15, 28, 184, '2018-08-13 01:14:11', '2018-08-13 01:19:12'),
(699, 15, 29, 130, '2018-08-13 01:14:11', '2018-08-13 01:19:12'),
(700, 15, 30, 72, '2018-08-13 01:14:11', '2018-08-13 01:19:12'),
(701, 15, 31, 8, '2018-08-13 01:14:11', '2018-08-13 01:19:12'),
(702, 15, 32, 152, '2018-08-13 01:14:11', '2018-08-13 01:19:12'),
(703, 15, 33, 208, '2018-08-13 01:14:11', '2018-08-13 01:19:12'),
(704, 15, 34, 104, '2018-08-13 01:14:11', '2018-08-13 01:19:12'),
(705, 15, 35, 288, '2018-08-13 01:14:11', '2018-08-13 01:19:12'),
(706, 15, 36, 52, '2018-08-13 01:14:11', '2018-08-13 01:19:12'),
(707, 15, 37, 232, '2018-08-13 01:14:11', '2018-08-13 01:19:12'),
(708, 15, 38, 136, '2018-08-13 01:14:11', '2018-08-13 01:19:12'),
(709, 15, 39, 288, '2018-08-13 01:14:11', '2018-08-13 01:19:12'),
(710, 15, 40, 200, '2018-08-13 01:14:11', '2018-08-13 01:19:12'),
(711, 15, 41, 100, '2018-08-13 01:14:11', '2018-08-13 01:19:12'),
(712, 15, 42, 96, '2018-08-13 01:14:11', '2018-08-13 01:19:12'),
(713, 15, 43, 240, '2018-08-13 01:14:11', '2018-08-13 01:19:12'),
(714, 15, 44, 128, '2018-08-13 01:14:11', '2018-08-13 01:19:12'),
(715, 15, 45, 208, '2018-08-13 01:14:11', '2018-08-13 01:19:12'),
(716, 15, 46, 240, '2018-08-13 01:14:11', '2018-08-13 01:19:12'),
(717, 15, 47, 28, '2018-08-13 01:14:11', '2018-08-13 01:19:12'),
(718, 15, 48, 132, '2018-08-13 01:14:11', '2018-08-13 01:19:12'),
(719, 15, 49, 200, '2018-08-13 01:14:11', '2018-08-13 01:19:12'),
(720, 15, 50, 88, '2018-08-13 01:14:11', '2018-08-13 01:19:12'),
(721, 15, 51, 256, '2018-08-13 01:14:11', '2018-08-13 01:19:12'),
(722, 15, 54, 92, '2018-08-13 01:14:11', '2018-08-13 01:19:12'),
(723, 15, 59, 464, '2018-08-13 01:14:11', '2018-08-13 01:19:12'),
(724, 15, 71, 320, '2018-08-13 01:14:11', '2018-08-13 01:19:12'),
(725, 15, 80, 175, '2018-08-13 01:14:11', '2018-08-13 01:19:12'),
(726, 15, 84, 69, '2018-08-13 01:14:11', '2018-08-13 01:19:12'),
(727, 15, 94, 220, '2018-08-13 01:14:11', '2018-08-13 01:19:12'),
(728, 15, 113, 20, '2018-08-13 01:14:11', '2018-08-13 01:19:12'),
(729, 15, 114, 352, '2018-08-13 01:14:11', '2018-08-13 01:19:12'),
(730, 15, 116, 340, '2018-08-13 01:14:11', '2018-08-13 01:19:12'),
(731, 15, 119, 165, '2018-08-13 01:14:11', '2018-08-13 01:19:12'),
(732, 15, 171, 80, '2018-08-13 01:14:11', '2018-08-13 01:19:12'),
(733, 16, 17, 248, '2018-08-13 01:14:11', '2018-08-13 01:19:12'),
(734, 16, 18, 176, '2018-08-13 01:14:11', '2018-08-13 01:19:12'),
(735, 16, 19, 224, '2018-08-13 01:14:11', '2018-08-13 01:19:12'),
(736, 16, 20, 216, '2018-08-13 01:14:11', '2018-08-13 01:19:12'),
(737, 16, 21, 275, '2018-08-13 01:14:11', '2018-08-13 01:19:12'),
(738, 16, 22, 248, '2018-08-13 01:14:11', '2018-08-13 01:19:12'),
(739, 16, 23, 185, '2018-08-13 01:14:11', '2018-08-13 01:19:12'),
(740, 16, 24, 40, '2018-08-13 01:14:11', '2018-08-13 01:19:12'),
(741, 16, 25, 7, '2018-08-13 01:14:11', '2018-08-13 01:19:12'),
(742, 16, 26, 230, '2018-08-13 01:14:11', '2018-08-13 01:19:12'),
(743, 16, 27, 17, '2018-08-13 01:14:11', '2018-08-13 01:19:12'),
(744, 16, 28, 184, '2018-08-13 01:14:11', '2018-08-13 01:19:12'),
(745, 16, 29, 130, '2018-08-13 01:14:11', '2018-08-13 01:19:12'),
(746, 16, 30, 80, '2018-08-13 01:14:11', '2018-08-13 01:19:12'),
(747, 16, 31, 8, '2018-08-13 01:14:11', '2018-08-13 01:19:12'),
(748, 16, 32, 152, '2018-08-13 01:14:11', '2018-08-13 01:19:12'),
(749, 16, 33, 216, '2018-08-13 01:14:11', '2018-08-13 01:19:12'),
(750, 16, 34, 104, '2018-08-13 01:14:11', '2018-08-13 01:19:12'),
(751, 16, 35, 288, '2018-08-13 01:14:11', '2018-08-13 01:19:12'),
(752, 16, 36, 48, '2018-08-13 01:14:11', '2018-08-13 01:19:12'),
(753, 16, 37, 224, '2018-08-13 01:14:11', '2018-08-13 01:19:12'),
(754, 16, 38, 136, '2018-08-13 01:14:11', '2018-08-13 01:19:12'),
(755, 16, 39, 288, '2018-08-13 01:14:11', '2018-08-13 01:19:12'),
(756, 16, 40, 200, '2018-08-13 01:14:11', '2018-08-13 01:19:12'),
(757, 16, 41, 100, '2018-08-13 01:14:11', '2018-08-13 01:19:12'),
(758, 16, 42, 96, '2018-08-13 01:14:11', '2018-08-13 01:19:12'),
(759, 16, 43, 230, '2018-08-13 01:14:11', '2018-08-13 01:19:12'),
(760, 16, 44, 128, '2018-08-13 01:14:11', '2018-08-13 01:19:12'),
(761, 16, 45, 208, '2018-08-13 01:14:11', '2018-08-13 01:19:12'),
(762, 16, 46, 190, '2018-08-13 01:14:11', '2018-08-13 01:19:12'),
(763, 16, 47, 24, '2018-08-13 01:14:11', '2018-08-13 01:19:12'),
(764, 16, 48, 112, '2018-08-13 01:14:11', '2018-08-13 01:19:12'),
(765, 16, 49, 200, '2018-08-13 01:14:11', '2018-08-13 01:19:12'),
(766, 16, 50, 95, '2018-08-13 01:14:11', '2018-08-13 01:19:12'),
(767, 16, 51, 256, '2018-08-13 01:14:11', '2018-08-13 01:19:12'),
(768, 16, 54, 88, '2018-08-13 01:14:11', '2018-08-13 01:19:12'),
(769, 16, 113, 23, '2018-08-13 01:14:11', '2018-08-13 01:19:12'),
(770, 16, 125, 170, '2018-08-13 01:14:11', '2018-08-13 01:19:12'),
(771, 16, 155, 135, '2018-08-13 01:14:11', '2018-08-13 01:19:12'),
(772, 17, 18, 85, '2018-08-13 01:14:11', '2018-08-13 01:19:12'),
(773, 17, 19, 368, '2018-08-13 01:14:11', '2018-08-13 01:19:12'),
(774, 17, 20, 296, '2018-08-13 01:14:11', '2018-08-13 01:19:12'),
(775, 17, 21, 392, '2018-08-13 01:14:11', '2018-08-13 01:19:12'),
(776, 17, 22, 368, '2018-08-13 01:14:11', '2018-08-13 01:19:12'),
(777, 17, 23, 64, '2018-08-13 01:14:11', '2018-08-13 01:19:12'),
(778, 17, 24, 200, '2018-08-13 01:14:11', '2018-08-13 01:19:12'),
(779, 17, 25, 232, '2018-08-13 01:14:11', '2018-08-13 01:19:12'),
(780, 17, 26, 384, '2018-08-13 01:14:11', '2018-08-13 01:19:12'),
(781, 17, 27, 264, '2018-08-13 01:14:11', '2018-08-13 01:19:12'),
(782, 17, 28, 288, '2018-08-13 01:14:11', '2018-08-13 01:19:12'),
(783, 17, 30, 168, '2018-08-13 01:14:11', '2018-08-13 01:19:12'),
(784, 17, 31, 232, '2018-08-13 01:14:11', '2018-08-13 01:19:12'),
(785, 17, 32, 296, '2018-08-13 01:14:11', '2018-08-13 01:19:12'),
(786, 17, 33, 336, '2018-08-13 01:14:11', '2018-08-13 01:19:12'),
(787, 17, 34, 144, '2018-08-13 01:14:11', '2018-08-13 01:19:12'),
(788, 17, 35, 552, '2018-08-13 01:14:11', '2018-08-13 01:19:12'),
(789, 17, 36, 288, '2018-08-13 01:14:11', '2018-08-13 01:19:12'),
(790, 17, 37, 320, '2018-08-13 01:14:11', '2018-08-13 01:19:12'),
(791, 17, 39, 456, '2018-08-13 01:14:11', '2018-08-13 01:19:12');
INSERT INTO `distances` (`id`, `frm`, `to`, `distance`, `created_at`, `updated_at`) VALUES
(792, 17, 40, 344, '2018-08-13 01:14:11', '2018-08-13 01:19:12'),
(793, 17, 42, 256, '2018-08-13 01:14:11', '2018-08-13 01:19:12'),
(794, 17, 43, 368, '2018-08-13 01:14:11', '2018-08-13 01:19:12'),
(795, 17, 44, 80, '2018-08-13 01:14:11', '2018-08-13 01:19:12'),
(796, 17, 45, 56, '2018-08-13 01:14:11', '2018-08-13 01:19:12'),
(797, 17, 46, 56, '2018-08-13 01:14:11', '2018-08-13 01:19:12'),
(798, 17, 47, 264, '2018-08-13 01:14:11', '2018-08-13 01:19:12'),
(799, 17, 48, 368, '2018-08-13 01:14:11', '2018-08-13 01:19:12'),
(800, 17, 49, 40, '2018-08-13 01:14:11', '2018-08-13 01:19:12'),
(801, 17, 50, 152, '2018-08-13 01:14:11', '2018-08-13 01:19:12'),
(802, 17, 51, 416, '2018-08-13 01:14:11', '2018-08-13 01:19:12'),
(803, 17, 54, 328, '2018-08-13 01:14:11', '2018-08-13 01:19:12'),
(804, 17, 113, 232, '2018-08-13 01:14:11', '2018-08-13 01:19:12'),
(805, 18, 19, 352, '2018-08-13 01:14:11', '2018-08-13 01:19:12'),
(806, 18, 20, 288, '2018-08-13 01:14:11', '2018-08-13 01:19:12'),
(807, 18, 21, 368, '2018-08-13 01:14:11', '2018-08-13 01:19:12'),
(808, 18, 22, 352, '2018-08-13 01:14:11', '2018-08-13 01:19:12'),
(809, 18, 23, 8, '2018-08-13 01:14:11', '2018-08-13 01:19:12'),
(810, 18, 24, 152, '2018-08-13 01:14:11', '2018-08-13 01:19:12'),
(811, 18, 25, 168, '2018-08-13 01:14:11', '2018-08-13 01:19:12'),
(812, 18, 26, 360, '2018-08-13 01:14:11', '2018-08-13 01:19:12'),
(813, 18, 27, 208, '2018-08-13 01:14:11', '2018-08-13 01:19:12'),
(814, 18, 28, 264, '2018-08-13 01:14:11', '2018-08-13 01:19:12'),
(815, 18, 29, 280, '2018-08-13 01:14:11', '2018-08-13 01:19:12'),
(816, 18, 30, 120, '2018-08-13 01:14:11', '2018-08-13 01:19:12'),
(817, 18, 31, 176, '2018-08-13 01:14:11', '2018-08-13 01:19:12'),
(818, 18, 32, 336, '2018-08-13 01:14:11', '2018-08-13 01:19:12'),
(819, 18, 33, 296, '2018-08-13 01:14:11', '2018-08-13 01:19:12'),
(820, 18, 34, 96, '2018-08-13 01:14:11', '2018-08-13 01:19:12'),
(821, 18, 35, 464, '2018-08-13 01:14:11', '2018-08-13 01:19:12'),
(822, 18, 36, 240, '2018-08-13 01:14:11', '2018-08-13 01:19:12'),
(823, 18, 37, 328, '2018-08-13 01:14:11', '2018-08-13 01:19:12'),
(824, 18, 39, 424, '2018-08-13 01:14:11', '2018-08-13 01:19:12'),
(825, 18, 40, 376, '2018-08-13 01:14:11', '2018-08-13 01:19:12'),
(826, 18, 41, 200, '2018-08-13 01:14:11', '2018-08-13 01:19:12'),
(827, 18, 42, 280, '2018-08-13 01:14:11', '2018-08-13 01:19:12'),
(828, 18, 43, 360, '2018-08-13 01:14:11', '2018-08-13 01:19:12'),
(829, 18, 44, 112, '2018-08-13 01:14:11', '2018-08-13 01:19:12'),
(830, 18, 45, 25, '2018-08-13 01:14:11', '2018-08-13 01:19:12'),
(831, 18, 46, 56, '2018-08-13 01:14:11', '2018-08-13 01:19:12'),
(832, 18, 47, 216, '2018-08-13 01:14:11', '2018-08-13 01:19:12'),
(833, 18, 48, 320, '2018-08-13 01:14:11', '2018-08-13 01:19:12'),
(834, 18, 49, 16, '2018-08-13 01:14:11', '2018-08-13 01:19:12'),
(835, 18, 50, 88, '2018-08-13 01:14:11', '2018-08-13 01:19:12'),
(836, 18, 51, 424, '2018-08-13 01:14:11', '2018-08-13 01:19:12'),
(837, 18, 54, 280, '2018-08-13 01:14:11', '2018-08-13 01:19:12'),
(838, 18, 84, 132, '2018-08-13 01:14:11', '2018-08-13 01:19:12'),
(839, 18, 94, 45, '2018-08-13 01:14:11', '2018-08-13 01:19:12'),
(840, 18, 113, 176, '2018-08-13 01:14:11', '2018-08-13 01:19:12'),
(841, 18, 135, 125, '2018-08-13 01:14:11', '2018-08-13 01:19:12'),
(842, 19, 21, 53, '2018-08-13 01:14:11', '2018-08-13 01:19:12'),
(843, 19, 22, 24, '2018-08-13 01:14:11', '2018-08-13 01:19:12'),
(844, 19, 23, 298, '2018-08-13 01:14:11', '2018-08-13 01:19:12'),
(845, 19, 24, 257, '2018-08-13 01:14:11', '2018-08-13 01:19:12'),
(846, 19, 25, 232, '2018-08-13 01:14:11', '2018-08-13 01:19:12'),
(847, 19, 26, 15, '2018-08-13 01:14:11', '2018-08-13 01:19:12'),
(848, 19, 27, 192, '2018-08-13 01:14:11', '2018-08-13 01:19:12'),
(849, 19, 28, 72, '2018-08-13 01:14:11', '2018-08-13 01:19:12'),
(850, 19, 29, 160, '2018-08-13 01:14:11', '2018-08-13 01:19:12'),
(851, 19, 30, 296, '2018-08-13 01:14:11', '2018-08-13 01:19:12'),
(852, 19, 31, 232, '2018-08-13 01:14:11', '2018-08-13 01:19:12'),
(853, 19, 32, 55, '2018-08-13 01:14:11', '2018-08-13 01:19:12'),
(854, 19, 33, 47, '2018-08-13 01:14:11', '2018-08-13 01:19:12'),
(855, 19, 34, 320, '2018-08-13 01:14:11', '2018-08-13 01:19:12'),
(856, 19, 35, 80, '2018-08-13 01:14:11', '2018-08-13 01:19:12'),
(857, 19, 36, 176, '2018-08-13 01:14:11', '2018-08-13 01:19:12'),
(858, 19, 37, 48, '2018-08-13 01:14:11', '2018-08-13 01:19:12'),
(859, 19, 38, 90, '2018-08-13 01:14:11', '2018-08-13 01:19:12'),
(860, 19, 39, 68, '2018-08-13 01:14:11', '2018-08-13 01:19:12'),
(861, 19, 40, 140, '2018-08-13 01:14:11', '2018-08-13 01:19:12'),
(862, 19, 41, 184, '2018-08-13 01:14:11', '2018-08-13 01:19:12'),
(863, 19, 42, 168, '2018-08-13 01:14:11', '2018-08-13 01:19:12'),
(864, 19, 43, 18, '2018-08-13 01:14:11', '2018-08-13 01:19:12'),
(865, 19, 45, 336, '2018-08-13 01:14:11', '2018-08-13 01:19:12'),
(866, 19, 46, 368, '2018-08-13 01:14:11', '2018-08-13 01:19:12'),
(867, 19, 47, 185, '2018-08-13 01:14:11', '2018-08-13 01:19:12'),
(868, 19, 48, 160, '2018-08-13 01:14:11', '2018-08-13 01:19:12'),
(869, 19, 49, 344, '2018-08-13 01:14:11', '2018-08-13 01:19:12'),
(870, 19, 50, 312, '2018-08-13 01:14:11', '2018-08-13 01:19:12'),
(871, 19, 51, 104, '2018-08-13 01:14:11', '2018-08-13 01:19:12'),
(872, 19, 54, 184, '2018-08-13 01:14:11', '2018-08-13 01:19:12'),
(873, 19, 55, 66, '2018-08-13 01:14:11', '2018-08-13 01:19:12'),
(874, 19, 56, 140, '2018-08-13 01:14:11', '2018-08-13 01:19:12'),
(875, 19, 57, 163, '2018-08-13 01:14:11', '2018-08-13 01:19:12'),
(876, 19, 58, 204, '2018-08-13 01:14:11', '2018-08-13 01:19:12'),
(877, 19, 59, 248, '2018-08-13 01:14:11', '2018-08-13 01:19:12'),
(878, 19, 60, 266, '2018-08-13 01:14:11', '2018-08-13 01:19:12'),
(879, 19, 62, 95, '2018-08-13 01:14:11', '2018-08-13 01:19:12'),
(880, 19, 63, 164, '2018-08-13 01:14:11', '2018-08-13 01:19:12'),
(881, 19, 64, 80, '2018-08-13 01:14:11', '2018-08-13 01:19:12'),
(882, 19, 65, 192, '2018-08-13 01:14:11', '2018-08-13 01:19:12'),
(883, 19, 66, 282, '2018-08-13 01:14:11', '2018-08-13 01:19:12'),
(884, 19, 67, 175, '2018-08-13 01:14:11', '2018-08-13 01:19:12'),
(885, 19, 68, 193, '2018-08-13 01:14:11', '2018-08-13 01:19:12'),
(886, 19, 69, 313, '2018-08-13 01:14:11', '2018-08-13 01:19:12'),
(887, 19, 70, 180, '2018-08-13 01:14:11', '2018-08-13 01:19:12'),
(888, 19, 71, 109, '2018-08-13 01:14:11', '2018-08-13 01:19:12'),
(889, 19, 72, 106, '2018-08-13 01:14:11', '2018-08-13 01:19:12'),
(890, 19, 73, 237, '2018-08-13 01:14:11', '2018-08-13 01:19:12'),
(891, 19, 75, 48, '2018-08-13 01:14:11', '2018-08-13 01:19:12'),
(892, 19, 82, 190, '2018-08-13 01:14:11', '2018-08-13 01:19:12'),
(893, 19, 85, 120, '2018-08-13 01:14:11', '2018-08-13 01:19:12'),
(894, 19, 105, 50, '2018-08-13 01:14:11', '2018-08-13 01:19:12'),
(895, 19, 111, 3, '2018-08-13 01:14:11', '2018-08-13 01:19:12'),
(896, 19, 113, 256, '2018-08-13 01:14:11', '2018-08-13 01:19:12'),
(897, 19, 114, 141, '2018-08-13 01:14:11', '2018-08-13 01:19:12'),
(898, 19, 116, 128, '2018-08-13 01:14:11', '2018-08-13 01:19:12'),
(899, 19, 145, 10, '2018-08-13 01:14:11', '2018-08-13 01:19:12'),
(900, 19, 146, 260, '2018-08-13 01:14:11', '2018-08-13 01:19:12'),
(901, 20, 21, 152, '2018-08-13 01:14:11', '2018-08-13 01:19:12'),
(902, 20, 22, 136, '2018-08-13 01:14:11', '2018-08-13 01:19:12'),
(903, 20, 23, 304, '2018-08-13 01:14:11', '2018-08-13 01:19:12'),
(904, 20, 24, 248, '2018-08-13 01:14:11', '2018-08-13 01:19:12'),
(905, 20, 25, 216, '2018-08-13 01:14:11', '2018-08-13 01:19:12'),
(906, 20, 26, 136, '2018-08-13 01:14:11', '2018-08-13 01:19:12'),
(907, 20, 27, 192, '2018-08-13 01:14:11', '2018-08-13 01:19:12'),
(908, 20, 28, 29, '2018-08-13 01:14:11', '2018-08-13 01:19:12'),
(909, 20, 29, 224, '2018-08-13 01:14:11', '2018-08-13 01:19:12'),
(910, 20, 30, 280, '2018-08-13 01:14:11', '2018-08-13 01:19:12'),
(911, 20, 31, 221, '2018-08-13 01:14:11', '2018-08-13 01:19:12'),
(912, 20, 33, 48, '2018-08-13 01:14:11', '2018-08-13 01:19:12'),
(913, 20, 34, 312, '2018-08-13 01:14:11', '2018-08-13 01:19:12'),
(914, 20, 36, 160, '2018-08-13 01:14:11', '2018-08-13 01:19:12'),
(915, 20, 37, 72, '2018-08-13 01:14:11', '2018-08-13 01:19:12'),
(916, 20, 39, 184, '2018-08-13 01:14:11', '2018-08-13 01:19:12'),
(917, 20, 41, 256, '2018-08-13 01:14:11', '2018-08-13 01:19:12'),
(918, 20, 42, 152, '2018-08-13 01:14:11', '2018-08-13 01:19:12'),
(919, 20, 43, 120, '2018-08-13 01:14:11', '2018-08-13 01:19:12'),
(920, 20, 44, 320, '2018-08-13 01:14:11', '2018-08-13 01:19:12'),
(921, 20, 45, 272, '2018-08-13 01:14:11', '2018-08-13 01:19:12'),
(922, 20, 46, 304, '2018-08-13 01:14:11', '2018-08-13 01:19:12'),
(923, 20, 47, 184, '2018-08-13 01:14:11', '2018-08-13 01:19:12'),
(924, 20, 48, 160, '2018-08-13 01:14:11', '2018-08-13 01:19:12'),
(925, 20, 50, 296, '2018-08-13 01:14:11', '2018-08-13 01:19:12'),
(926, 20, 54, 165, '2018-08-13 01:14:11', '2018-08-13 01:19:12'),
(927, 20, 113, 228, '2018-08-13 01:14:11', '2018-08-13 01:19:12'),
(928, 21, 22, 34, '2018-08-13 01:14:11', '2018-08-13 01:19:12'),
(929, 21, 23, 440, '2018-08-13 01:14:11', '2018-08-13 01:19:12'),
(930, 21, 24, 304, '2018-08-13 01:14:11', '2018-08-13 01:19:12'),
(931, 21, 25, 272, '2018-08-13 01:14:11', '2018-08-13 01:19:12'),
(932, 21, 26, 68, '2018-08-13 01:14:11', '2018-08-13 01:19:12'),
(933, 21, 27, 248, '2018-08-13 01:14:11', '2018-08-13 01:19:12'),
(934, 21, 28, 132, '2018-08-13 01:14:11', '2018-08-13 01:19:12'),
(935, 21, 29, 304, '2018-08-13 01:14:11', '2018-08-13 01:19:12'),
(936, 21, 30, 336, '2018-08-13 01:14:11', '2018-08-13 01:19:12'),
(937, 21, 31, 256, '2018-08-13 01:14:11', '2018-08-13 01:19:12'),
(938, 21, 32, 128, '2018-08-13 01:14:11', '2018-08-13 01:19:12'),
(939, 21, 33, 104, '2018-08-13 01:14:11', '2018-08-13 01:19:12'),
(940, 21, 34, 368, '2018-08-13 01:14:11', '2018-08-13 01:19:12'),
(941, 21, 35, 88, '2018-08-13 01:14:11', '2018-08-13 01:19:12'),
(942, 21, 36, 216, '2018-08-13 01:14:11', '2018-08-13 01:19:12'),
(943, 21, 37, 96, '2018-08-13 01:14:11', '2018-08-13 01:19:12'),
(944, 21, 38, 184, '2018-08-13 01:14:11', '2018-08-13 01:19:12'),
(945, 21, 39, 13, '2018-08-13 01:14:11', '2018-08-13 01:19:12'),
(946, 21, 41, 336, '2018-08-13 01:14:11', '2018-08-13 01:19:12'),
(947, 21, 42, 216, '2018-08-13 01:14:11', '2018-08-13 01:19:12'),
(948, 21, 43, 65, '2018-08-13 01:14:11', '2018-08-13 01:19:12'),
(949, 21, 44, 392, '2018-08-13 01:14:11', '2018-08-13 01:19:12'),
(950, 21, 45, 456, '2018-08-13 01:14:11', '2018-08-13 01:19:12'),
(951, 21, 46, 456, '2018-08-13 01:14:11', '2018-08-13 01:19:12'),
(952, 21, 47, 240, '2018-08-13 01:14:11', '2018-08-13 01:19:12'),
(953, 21, 48, 200, '2018-08-13 01:14:11', '2018-08-13 01:19:12'),
(954, 21, 49, 456, '2018-08-13 01:14:11', '2018-08-13 01:19:12'),
(955, 21, 50, 352, '2018-08-13 01:14:11', '2018-08-13 01:19:12'),
(956, 21, 54, 232, '2018-08-13 01:14:11', '2018-08-13 01:19:12'),
(957, 21, 55, 96, '2018-08-13 01:14:11', '2018-08-13 01:19:12'),
(958, 21, 75, 48, '2018-08-13 01:14:11', '2018-08-13 01:19:12'),
(959, 21, 106, 16, '2018-08-13 01:14:11', '2018-08-13 01:19:12'),
(960, 21, 113, 296, '2018-08-13 01:14:11', '2018-08-13 01:19:12'),
(961, 21, 115, 40, '2018-08-13 01:14:11', '2018-08-13 01:19:12'),
(962, 21, 136, 80, '2018-08-13 01:14:11', '2018-08-13 01:19:12'),
(963, 21, 149, 50, '2018-08-13 01:14:11', '2018-08-13 01:19:12'),
(964, 22, 23, 335, '2018-08-13 01:14:11', '2018-08-13 01:19:12'),
(965, 22, 24, 272, '2018-08-13 01:14:11', '2018-08-13 01:19:12'),
(966, 22, 25, 256, '2018-08-13 01:14:11', '2018-08-13 01:19:12'),
(967, 22, 26, 39, '2018-08-13 01:14:11', '2018-08-13 01:19:12'),
(968, 22, 27, 219, '2018-08-13 01:14:11', '2018-08-13 01:19:12'),
(969, 22, 28, 104, '2018-08-13 01:14:11', '2018-08-13 01:19:12'),
(970, 22, 29, 288, '2018-08-13 01:14:11', '2018-08-13 01:19:12'),
(971, 22, 30, 301, '2018-08-13 01:14:11', '2018-08-13 01:19:12'),
(972, 22, 31, 251, '2018-08-13 01:14:11', '2018-08-13 01:19:12'),
(973, 22, 32, 79, '2018-08-13 01:14:11', '2018-08-13 01:19:12'),
(974, 22, 33, 71, '2018-08-13 01:14:11', '2018-08-13 01:19:12'),
(975, 22, 34, 345, '2018-08-13 01:14:11', '2018-08-13 01:19:12'),
(976, 22, 35, 56, '2018-08-13 01:14:11', '2018-08-13 01:19:12'),
(977, 22, 36, 188, '2018-08-13 01:14:11', '2018-08-13 01:19:12'),
(978, 22, 37, 88, '2018-08-13 01:14:11', '2018-08-13 01:19:12'),
(979, 22, 38, 112, '2018-08-13 01:14:11', '2018-08-13 01:19:12'),
(980, 22, 39, 45, '2018-08-13 01:14:11', '2018-08-13 01:19:12'),
(981, 22, 40, 133, '2018-08-13 01:14:11', '2018-08-13 01:19:12'),
(982, 22, 41, 214, '2018-08-13 01:14:11', '2018-08-13 01:19:12'),
(983, 22, 42, 192, '2018-08-13 01:14:11', '2018-08-13 01:19:12'),
(984, 22, 43, 25, '2018-08-13 01:14:11', '2018-08-13 01:19:12'),
(985, 22, 44, 376, '2018-08-13 01:14:11', '2018-08-13 01:19:12'),
(986, 22, 45, 432, '2018-08-13 01:14:11', '2018-08-13 01:19:12'),
(987, 22, 46, 448, '2018-08-13 01:14:11', '2018-08-13 01:19:12'),
(988, 22, 47, 224, '2018-08-13 01:14:11', '2018-08-13 01:19:12'),
(989, 22, 48, 184, '2018-08-13 01:14:11', '2018-08-13 01:19:12'),
(990, 22, 49, 440, '2018-08-13 01:14:11', '2018-08-13 01:19:12'),
(991, 22, 50, 336, '2018-08-13 01:14:11', '2018-08-13 01:19:12'),
(992, 22, 54, 208, '2018-08-13 01:14:11', '2018-08-13 01:19:12'),
(993, 22, 55, 57, '2018-08-13 01:14:11', '2018-08-13 01:19:12'),
(994, 22, 56, 172, '2018-08-13 01:14:11', '2018-08-13 01:19:12'),
(995, 22, 57, 142, '2018-08-13 01:14:11', '2018-08-13 01:19:12'),
(996, 22, 58, 230, '2018-08-13 01:14:11', '2018-08-13 01:19:12'),
(997, 22, 59, 241, '2018-08-13 01:14:11', '2018-08-13 01:19:12'),
(998, 22, 60, 259, '2018-08-13 01:14:11', '2018-08-13 01:19:12'),
(999, 22, 62, 120, '2018-08-13 01:14:11', '2018-08-13 01:19:12'),
(1000, 22, 63, 157, '2018-08-13 01:14:11', '2018-08-13 01:19:12'),
(1001, 22, 64, 73, '2018-08-13 01:14:11', '2018-08-13 01:19:12'),
(1002, 22, 65, 222, '2018-08-13 01:14:11', '2018-08-13 01:19:12'),
(1003, 22, 66, 319, '2018-08-13 01:14:11', '2018-08-13 01:19:12'),
(1004, 22, 67, 201, '2018-08-13 01:14:11', '2018-08-13 01:19:12'),
(1005, 22, 68, 230, '2018-08-13 01:14:11', '2018-08-13 01:19:12'),
(1006, 22, 69, 285, '2018-08-13 01:14:11', '2018-08-13 01:19:12'),
(1007, 22, 70, 185, '2018-08-13 01:14:11', '2018-08-13 01:19:12'),
(1008, 22, 71, 90, '2018-08-13 01:14:11', '2018-08-13 01:19:12'),
(1009, 22, 72, 99, '2018-08-13 01:14:11', '2018-08-13 01:19:12'),
(1010, 22, 73, 267, '2018-08-13 01:14:11', '2018-08-13 01:19:12'),
(1011, 22, 75, 16, '2018-08-13 01:14:11', '2018-08-13 01:19:12'),
(1012, 22, 76, 40, '2018-08-13 01:14:11', '2018-08-13 01:19:12'),
(1013, 22, 82, 190, '2018-08-13 01:14:11', '2018-08-13 01:19:12'),
(1014, 22, 86, 175, '2018-08-13 01:14:11', '2018-08-13 01:19:12'),
(1015, 22, 95, 90, '2018-08-13 01:14:11', '2018-08-13 01:19:12'),
(1016, 22, 106, 25, '2018-08-13 01:14:11', '2018-08-13 01:19:12'),
(1017, 22, 111, 8, '2018-08-13 01:14:11', '2018-08-13 01:19:12'),
(1018, 22, 113, 261, '2018-08-13 01:14:11', '2018-08-13 01:19:12'),
(1019, 22, 114, 112, '2018-08-13 01:14:11', '2018-08-13 01:19:12'),
(1020, 22, 116, 112, '2018-08-13 01:14:11', '2018-08-13 01:19:12'),
(1021, 22, 131, 40, '2018-08-13 01:14:11', '2018-08-13 01:19:12'),
(1022, 22, 136, 120, '2018-08-13 01:14:11', '2018-08-13 01:19:12'),
(1023, 22, 153, 288, '2018-08-13 01:14:11', '2018-08-13 01:19:12'),
(1024, 22, 154, 40, '2018-08-13 01:14:11', '2018-08-13 01:19:12'),
(1025, 22, 169, 100, '2018-08-13 01:14:11', '2018-08-13 01:19:12'),
(1026, 23, 24, 138, '2018-08-13 01:14:11', '2018-08-13 01:19:12'),
(1027, 23, 25, 168, '2018-08-13 01:14:11', '2018-08-13 01:19:12'),
(1028, 23, 26, 313, '2018-08-13 01:14:11', '2018-08-13 01:19:12'),
(1029, 23, 27, 193, '2018-08-13 01:14:11', '2018-08-13 01:19:12'),
(1030, 23, 28, 245, '2018-08-13 01:14:11', '2018-08-13 01:19:12'),
(1031, 23, 29, 215, '2018-08-13 01:14:11', '2018-08-13 01:19:12'),
(1032, 23, 30, 108, '2018-08-13 01:14:11', '2018-08-13 01:19:12'),
(1033, 23, 31, 163, '2018-08-13 01:14:11', '2018-08-13 01:19:12'),
(1034, 23, 32, 243, '2018-08-13 01:14:11', '2018-08-13 01:19:12'),
(1035, 23, 33, 270, '2018-08-13 01:14:11', '2018-08-13 01:19:12'),
(1036, 23, 34, 77, '2018-08-13 01:14:11', '2018-08-13 01:19:12'),
(1037, 23, 35, 464, '2018-08-13 01:14:11', '2018-08-13 01:19:12'),
(1038, 23, 36, 228, '2018-08-13 01:14:11', '2018-08-13 01:19:12'),
(1039, 23, 37, 352, '2018-08-13 01:14:11', '2018-08-13 01:19:12'),
(1040, 23, 39, 323, '2018-08-13 01:14:11', '2018-08-13 01:19:12'),
(1041, 23, 40, 330, '2018-08-13 01:14:11', '2018-08-13 01:19:12'),
(1042, 23, 41, 124, '2018-08-13 01:14:11', '2018-08-13 01:19:12'),
(1043, 23, 42, 280, '2018-08-13 01:14:11', '2018-08-13 01:19:12'),
(1044, 23, 43, 350, '2018-08-13 01:14:11', '2018-08-13 01:19:12'),
(1045, 23, 44, 48, '2018-08-13 01:14:11', '2018-08-13 01:19:12'),
(1046, 23, 45, 32, '2018-08-13 01:14:11', '2018-08-13 01:19:12'),
(1047, 23, 46, 80, '2018-08-13 01:14:11', '2018-08-13 01:19:12'),
(1048, 23, 47, 208, '2018-08-13 01:14:11', '2018-08-13 01:19:12'),
(1049, 23, 48, 304, '2018-08-13 01:14:11', '2018-08-13 01:19:12'),
(1050, 23, 49, 19, '2018-08-13 01:14:11', '2018-08-13 01:19:12'),
(1051, 23, 50, 94, '2018-08-13 01:14:11', '2018-08-13 01:19:12'),
(1052, 23, 51, 416, '2018-08-13 01:14:11', '2018-08-13 01:19:12'),
(1053, 23, 54, 272, '2018-08-13 01:14:11', '2018-08-13 01:19:12'),
(1054, 23, 55, 364, '2018-08-13 01:14:11', '2018-08-13 01:19:12'),
(1055, 23, 56, 172, '2018-08-13 01:14:11', '2018-08-13 01:19:12'),
(1056, 23, 57, 290, '2018-08-13 01:14:11', '2018-08-13 01:19:12'),
(1057, 23, 58, 112, '2018-08-13 01:14:11', '2018-08-13 01:19:12'),
(1058, 23, 59, 560, '2018-08-13 01:14:11', '2018-08-13 01:19:12'),
(1059, 23, 60, 563, '2018-08-13 01:14:11', '2018-08-13 01:19:12'),
(1060, 23, 62, 191, '2018-08-13 01:14:11', '2018-08-13 01:19:12'),
(1061, 23, 63, 462, '2018-08-13 01:14:11', '2018-08-13 01:19:12'),
(1062, 23, 64, 350, '2018-08-13 01:14:11', '2018-08-13 01:19:12'),
(1063, 23, 65, 113, '2018-08-13 01:14:11', '2018-08-13 01:19:12'),
(1064, 23, 66, 16, '2018-08-13 01:14:11', '2018-08-13 01:19:12'),
(1065, 23, 67, 211, '2018-08-13 01:14:11', '2018-08-13 01:19:12'),
(1066, 23, 68, 105, '2018-08-13 01:14:11', '2018-08-13 01:19:12'),
(1067, 23, 69, 152, '2018-08-13 01:14:11', '2018-08-13 01:19:12'),
(1068, 23, 70, 489, '2018-08-13 01:14:11', '2018-08-13 01:19:12'),
(1069, 23, 71, 367, '2018-08-13 01:14:11', '2018-08-13 01:19:12'),
(1070, 23, 72, 404, '2018-08-13 01:14:11', '2018-08-13 01:19:12'),
(1071, 23, 73, 80, '2018-08-13 01:14:11', '2018-08-13 01:19:12'),
(1072, 23, 84, 116, '2018-08-13 01:14:11', '2018-08-13 01:19:12'),
(1073, 23, 92, 120, '2018-08-13 01:14:11', '2018-08-13 01:19:12'),
(1074, 23, 94, 45, '2018-08-13 01:14:11', '2018-08-13 01:19:12'),
(1075, 23, 113, 160, '2018-08-13 01:14:11', '2018-08-13 01:19:12'),
(1076, 23, 155, 50, '2018-08-13 01:14:11', '2018-08-13 01:19:12'),
(1077, 24, 25, 34, '2018-08-13 01:14:11', '2018-08-13 01:19:12'),
(1078, 24, 26, 278, '2018-08-13 01:14:11', '2018-08-13 01:19:12'),
(1079, 24, 27, 64, '2018-08-13 01:14:11', '2018-08-13 01:19:12'),
(1080, 24, 28, 224, '2018-08-13 01:14:11', '2018-08-13 01:19:12'),
(1081, 24, 29, 144, '2018-08-13 01:14:11', '2018-08-13 01:19:12'),
(1082, 24, 30, 30, '2018-08-13 01:14:11', '2018-08-13 01:19:12'),
(1083, 24, 31, 25, '2018-08-13 01:14:11', '2018-08-13 01:19:12'),
(1084, 24, 32, 195, '2018-08-13 01:14:11', '2018-08-13 01:19:12'),
(1085, 24, 33, 259, '2018-08-13 01:14:11', '2018-08-13 01:19:12'),
(1086, 24, 34, 58, '2018-08-13 01:14:11', '2018-08-13 01:19:12'),
(1087, 24, 35, 328, '2018-08-13 01:14:11', '2018-08-13 01:19:12'),
(1088, 24, 36, 88, '2018-08-13 01:14:11', '2018-08-13 01:19:12'),
(1089, 24, 37, 264, '2018-08-13 01:14:11', '2018-08-13 01:19:12'),
(1090, 24, 38, 192, '2018-08-13 01:14:11', '2018-08-13 01:19:12'),
(1091, 24, 39, 328, '2018-08-13 01:14:11', '2018-08-13 01:19:12'),
(1092, 24, 40, 240, '2018-08-13 01:14:11', '2018-08-13 01:19:12'),
(1093, 24, 41, 144, '2018-08-13 01:14:11', '2018-08-13 01:19:12'),
(1094, 24, 42, 136, '2018-08-13 01:14:11', '2018-08-13 01:19:12'),
(1095, 24, 43, 280, '2018-08-13 01:14:11', '2018-08-13 01:19:12'),
(1096, 24, 44, 88, '2018-08-13 01:14:11', '2018-08-13 01:19:12'),
(1097, 24, 45, 168, '2018-08-13 01:14:11', '2018-08-13 01:19:12'),
(1098, 24, 46, 175, '2018-08-13 01:14:11', '2018-08-13 01:19:12'),
(1099, 24, 47, 64, '2018-08-13 01:14:11', '2018-08-13 01:19:12'),
(1100, 24, 48, 176, '2018-08-13 01:14:11', '2018-08-13 01:19:12'),
(1101, 24, 49, 157, '2018-08-13 01:14:11', '2018-08-13 01:19:12'),
(1102, 24, 50, 44, '2018-08-13 01:14:11', '2018-08-13 01:19:12'),
(1103, 24, 51, 296, '2018-08-13 01:14:11', '2018-08-13 01:19:12'),
(1104, 24, 54, 128, '2018-08-13 01:14:11', '2018-08-13 01:19:12'),
(1105, 24, 59, 500, '2018-08-13 01:14:11', '2018-08-13 01:19:12'),
(1106, 24, 113, 24, '2018-08-13 01:14:11', '2018-08-13 01:19:12'),
(1107, 24, 163, 25, '2018-08-13 01:14:11', '2018-08-13 01:19:12'),
(1108, 25, 26, 256, '2018-08-13 01:14:11', '2018-08-13 01:19:12'),
(1109, 25, 27, 23, '2018-08-13 01:14:11', '2018-08-13 01:19:12'),
(1110, 25, 28, 192, '2018-08-13 01:14:11', '2018-08-13 01:19:12'),
(1111, 25, 29, 112, '2018-08-13 01:14:11', '2018-08-13 01:19:12'),
(1112, 25, 30, 66, '2018-08-13 01:14:11', '2018-08-13 01:19:12'),
(1113, 25, 31, 7, '2018-08-13 01:14:11', '2018-08-13 01:19:12'),
(1114, 25, 32, 160, '2018-08-13 01:14:11', '2018-08-13 01:19:12'),
(1115, 25, 33, 216, '2018-08-13 01:14:11', '2018-08-13 01:19:12'),
(1116, 25, 34, 104, '2018-08-13 01:14:11', '2018-08-13 01:19:12'),
(1117, 25, 35, 296, '2018-08-13 01:14:11', '2018-08-13 01:19:12'),
(1118, 25, 36, 55, '2018-08-13 01:14:11', '2018-08-13 01:19:12'),
(1119, 25, 37, 240, '2018-08-13 01:14:11', '2018-08-13 01:19:12'),
(1120, 25, 38, 160, '2018-08-13 01:14:11', '2018-08-13 01:19:12'),
(1121, 25, 40, 200, '2018-08-13 01:14:11', '2018-08-13 01:19:12'),
(1122, 25, 41, 112, '2018-08-13 01:14:11', '2018-08-13 01:19:12'),
(1123, 25, 42, 104, '2018-08-13 01:14:11', '2018-08-13 01:19:12'),
(1124, 25, 43, 415, '2018-08-13 01:14:11', '2018-08-13 01:19:12'),
(1125, 25, 44, 122, '2018-08-13 01:14:11', '2018-08-13 01:19:12'),
(1126, 25, 45, 205, '2018-08-13 01:14:11', '2018-08-13 01:19:12'),
(1127, 25, 46, 240, '2018-08-13 01:14:11', '2018-08-13 01:19:12'),
(1128, 25, 47, 31, '2018-08-13 01:14:11', '2018-08-13 01:19:12'),
(1129, 25, 48, 135, '2018-08-13 01:14:11', '2018-08-13 01:19:12'),
(1130, 25, 49, 192, '2018-08-13 01:14:11', '2018-08-13 01:19:12'),
(1131, 25, 50, 88, '2018-08-13 01:14:11', '2018-08-13 01:19:12'),
(1132, 25, 51, 264, '2018-08-13 01:14:11', '2018-08-13 01:19:12'),
(1133, 25, 54, 95, '2018-08-13 01:14:11', '2018-08-13 01:19:12'),
(1134, 25, 113, 10, '2018-08-13 01:14:11', '2018-08-13 01:19:12'),
(1135, 26, 27, 232, '2018-08-13 01:14:11', '2018-08-13 01:19:12'),
(1136, 26, 28, 85, '2018-08-13 01:14:11', '2018-08-13 01:19:12'),
(1137, 26, 29, 296, '2018-08-13 01:14:11', '2018-08-13 01:19:12'),
(1138, 26, 30, 320, '2018-08-13 01:14:11', '2018-08-13 01:19:12'),
(1139, 26, 31, 272, '2018-08-13 01:14:11', '2018-08-13 01:19:12'),
(1140, 26, 32, 74, '2018-08-13 01:14:11', '2018-08-13 01:19:12'),
(1141, 26, 33, 53, '2018-08-13 01:14:11', '2018-08-13 01:19:12'),
(1142, 26, 34, 368, '2018-08-13 01:14:11', '2018-08-13 01:19:12'),
(1143, 26, 35, 95, '2018-08-13 01:14:11', '2018-08-13 01:19:12'),
(1144, 26, 36, 200, '2018-08-13 01:14:11', '2018-08-13 01:19:12'),
(1145, 26, 37, 50, '2018-08-13 01:14:11', '2018-08-13 01:19:12'),
(1146, 26, 38, 105, '2018-08-13 01:14:11', '2018-08-13 01:19:12'),
(1147, 26, 39, 77, '2018-08-13 01:14:11', '2018-08-13 01:19:12'),
(1148, 26, 41, 336, '2018-08-13 01:14:11', '2018-08-13 01:19:12'),
(1149, 26, 42, 160, '2018-08-13 01:14:11', '2018-08-13 01:19:12'),
(1150, 26, 43, 25, '2018-08-13 01:14:11', '2018-08-13 01:19:12'),
(1151, 26, 45, 352, '2018-08-13 01:14:11', '2018-08-13 01:19:12'),
(1152, 26, 46, 376, '2018-08-13 01:14:11', '2018-08-13 01:19:12'),
(1153, 26, 47, 224, '2018-08-13 01:14:11', '2018-08-13 01:19:12'),
(1154, 26, 48, 184, '2018-08-13 01:14:11', '2018-08-13 01:19:12'),
(1155, 26, 49, 368, '2018-08-13 01:14:11', '2018-08-13 01:19:12'),
(1156, 26, 50, 352, '2018-08-13 01:14:11', '2018-08-13 01:19:12'),
(1157, 26, 54, 200, '2018-08-13 01:14:11', '2018-08-13 01:19:12'),
(1158, 26, 55, 80, '2018-08-13 01:14:11', '2018-08-13 01:19:12'),
(1159, 26, 75, 38, '2018-08-13 01:14:11', '2018-08-13 01:19:12'),
(1160, 26, 105, 112, '2018-08-13 01:14:11', '2018-08-13 01:19:12'),
(1161, 26, 106, 48, '2018-08-13 01:14:11', '2018-08-13 01:19:12'),
(1162, 26, 109, 151, '2018-08-13 01:14:11', '2018-08-13 01:19:12'),
(1163, 26, 113, 240, '2018-08-13 01:14:11', '2018-08-13 01:19:12'),
(1164, 26, 131, 35, '2018-08-13 01:14:11', '2018-08-13 01:19:12'),
(1165, 27, 28, 159, '2018-08-13 01:14:11', '2018-08-13 01:19:12'),
(1166, 27, 29, 110, '2018-08-13 01:14:11', '2018-08-13 01:19:12'),
(1167, 27, 30, 95, '2018-08-13 01:14:11', '2018-08-13 01:19:12'),
(1168, 27, 31, 24, '2018-08-13 01:14:11', '2018-08-13 01:19:12'),
(1169, 27, 32, 137, '2018-08-13 01:14:11', '2018-08-13 01:19:12'),
(1170, 27, 33, 185, '2018-08-13 01:14:11', '2018-08-13 01:19:12'),
(1171, 27, 34, 116, '2018-08-13 01:14:11', '2018-08-13 01:19:12'),
(1172, 27, 35, 272, '2018-08-13 01:14:11', '2018-08-13 01:19:12'),
(1173, 27, 36, 32, '2018-08-13 01:14:11', '2018-08-13 01:19:12'),
(1174, 27, 38, 125, '2018-08-13 01:14:11', '2018-08-13 01:19:12'),
(1175, 27, 39, 259, '2018-08-13 01:14:11', '2018-08-13 01:19:12'),
(1176, 27, 40, 175, '2018-08-13 01:14:11', '2018-08-13 01:19:12'),
(1177, 27, 41, 77, '2018-08-13 01:14:11', '2018-08-13 01:19:12'),
(1178, 27, 42, 80, '2018-08-13 01:14:11', '2018-08-13 01:19:12'),
(1179, 27, 43, 200, '2018-08-13 01:14:11', '2018-08-13 01:19:12'),
(1180, 27, 44, 144, '2018-08-13 01:14:11', '2018-08-13 01:19:12'),
(1181, 27, 45, 224, '2018-08-13 01:14:11', '2018-08-13 01:19:12'),
(1182, 27, 46, 170, '2018-08-13 01:14:11', '2018-08-13 01:19:12'),
(1183, 27, 47, 8, '2018-08-13 01:14:11', '2018-08-13 01:19:12'),
(1184, 27, 48, 112, '2018-08-13 01:14:11', '2018-08-13 01:19:12'),
(1185, 27, 49, 216, '2018-08-13 01:14:11', '2018-08-13 01:19:12'),
(1186, 27, 50, 104, '2018-08-13 01:14:11', '2018-08-13 01:19:12'),
(1187, 27, 51, 240, '2018-08-13 01:14:11', '2018-08-13 01:19:12'),
(1188, 27, 54, 72, '2018-08-13 01:14:11', '2018-08-13 01:19:12'),
(1189, 27, 55, 249, '2018-08-13 01:14:11', '2018-08-13 01:19:12'),
(1190, 27, 56, 69, '2018-08-13 01:14:11', '2018-08-13 01:19:12'),
(1191, 27, 57, 346, '2018-08-13 01:14:11', '2018-08-13 01:19:12'),
(1192, 27, 58, 175, '2018-08-13 01:14:11', '2018-08-13 01:19:12'),
(1193, 27, 59, 439, '2018-08-13 01:14:11', '2018-08-13 01:19:12'),
(1194, 27, 60, 457, '2018-08-13 01:14:11', '2018-08-13 01:19:12'),
(1195, 27, 62, 230, '2018-08-13 01:14:11', '2018-08-13 01:19:12'),
(1196, 27, 63, 356, '2018-08-13 01:14:11', '2018-08-13 01:19:12'),
(1197, 27, 64, 272, '2018-08-13 01:14:11', '2018-08-13 01:19:12'),
(1198, 27, 65, 240, '2018-08-13 01:14:11', '2018-08-13 01:19:12'),
(1199, 27, 66, 177, '2018-08-13 01:14:11', '2018-08-13 01:19:12'),
(1200, 27, 67, 16, '2018-08-13 01:14:11', '2018-08-13 01:19:12'),
(1201, 27, 68, 97, '2018-08-13 01:14:11', '2018-08-13 01:19:12'),
(1202, 27, 69, 279, '2018-08-13 01:14:11', '2018-08-13 01:19:12'),
(1203, 27, 70, 283, '2018-08-13 01:14:11', '2018-08-13 01:19:12'),
(1204, 27, 71, 301, '2018-08-13 01:14:11', '2018-08-13 01:19:12'),
(1205, 27, 72, 296, '2018-08-13 01:14:11', '2018-08-13 01:19:12'),
(1206, 27, 73, 198, '2018-08-13 01:14:11', '2018-08-13 01:19:12'),
(1207, 27, 94, 265, '2018-08-13 01:14:11', '2018-08-13 01:19:12'),
(1208, 27, 113, 35, '2018-08-13 01:14:11', '2018-08-13 01:19:12'),
(1209, 27, 116, 320, '2018-08-13 01:14:11', '2018-08-13 01:19:12'),
(1210, 27, 117, 25, '2018-08-13 01:14:11', '2018-08-13 01:19:12'),
(1211, 27, 118, 25, '2018-08-13 01:14:11', '2018-08-13 01:19:12'),
(1212, 27, 119, 170, '2018-08-13 01:14:11', '2018-08-13 01:19:12'),
(1213, 28, 29, 80, '2018-08-13 01:14:11', '2018-08-13 01:19:12'),
(1214, 28, 30, 235, '2018-08-13 01:14:11', '2018-08-13 01:19:12'),
(1215, 28, 31, 192, '2018-08-13 01:14:11', '2018-08-13 01:19:12'),
(1216, 28, 32, 42, '2018-08-13 01:14:11', '2018-08-13 01:19:12'),
(1217, 28, 33, 26, '2018-08-13 01:14:11', '2018-08-13 01:19:12'),
(1218, 28, 34, 277, '2018-08-13 01:14:11', '2018-08-13 01:19:12'),
(1219, 28, 36, 136, '2018-08-13 01:14:11', '2018-08-13 01:19:12'),
(1220, 28, 37, 42, '2018-08-13 01:14:11', '2018-08-13 01:19:12'),
(1221, 28, 38, 41, '2018-08-13 01:14:11', '2018-08-13 01:19:12'),
(1222, 28, 39, 140, '2018-08-13 01:14:11', '2018-08-13 01:19:12'),
(1223, 28, 40, 129, '2018-08-13 01:14:11', '2018-08-13 01:19:12'),
(1224, 28, 41, 142, '2018-08-13 01:14:11', '2018-08-13 01:19:12'),
(1225, 28, 42, 128, '2018-08-13 01:14:11', '2018-08-13 01:19:12'),
(1226, 28, 43, 90, '2018-08-13 01:14:11', '2018-08-13 01:19:12'),
(1227, 28, 44, 185, '2018-08-13 01:14:11', '2018-08-13 01:19:12'),
(1228, 28, 45, 248, '2018-08-13 01:14:11', '2018-08-13 01:19:12'),
(1229, 28, 46, 240, '2018-08-13 01:14:11', '2018-08-13 01:19:12'),
(1230, 28, 47, 150, '2018-08-13 01:14:11', '2018-08-13 01:19:12'),
(1231, 28, 48, 128, '2018-08-13 01:14:11', '2018-08-13 01:19:12'),
(1232, 28, 49, 256, '2018-08-13 01:14:11', '2018-08-13 01:19:12'),
(1233, 28, 50, 272, '2018-08-13 01:14:11', '2018-08-13 01:19:12'),
(1234, 28, 51, 256, '2018-08-13 01:14:11', '2018-08-13 01:19:12'),
(1235, 28, 53, 29, '2018-08-13 01:14:11', '2018-08-13 01:19:12'),
(1236, 28, 54, 144, '2018-08-13 01:14:11', '2018-08-13 01:19:12'),
(1237, 28, 55, 138, '2018-08-13 01:14:11', '2018-08-13 01:19:12'),
(1238, 28, 56, 98, '2018-08-13 01:14:11', '2018-08-13 01:19:12'),
(1239, 28, 57, 187, '2018-08-13 01:14:11', '2018-08-13 01:19:12'),
(1240, 28, 58, 131, '2018-08-13 01:14:11', '2018-08-13 01:19:12'),
(1241, 28, 59, 320, '2018-08-13 01:14:11', '2018-08-13 01:19:12'),
(1242, 28, 60, 338, '2018-08-13 01:14:11', '2018-08-13 01:19:12'),
(1243, 28, 61, 39, '2018-08-13 01:14:11', '2018-08-13 01:19:12'),
(1244, 28, 62, 68, '2018-08-13 01:14:11', '2018-08-13 01:19:12'),
(1245, 28, 63, 237, '2018-08-13 01:14:11', '2018-08-13 01:19:12'),
(1246, 28, 64, 153, '2018-08-13 01:14:11', '2018-08-13 01:19:12'),
(1247, 28, 65, 170, '2018-08-13 01:14:11', '2018-08-13 01:19:12'),
(1248, 28, 66, 249, '2018-08-13 01:14:11', '2018-08-13 01:19:12'),
(1249, 28, 67, 143, '2018-08-13 01:14:11', '2018-08-13 01:19:12'),
(1250, 28, 68, 160, '2018-08-13 01:14:11', '2018-08-13 01:19:12'),
(1251, 28, 69, 240, '2018-08-13 01:14:11', '2018-08-13 01:19:12'),
(1252, 28, 70, 264, '2018-08-13 01:14:11', '2018-08-13 01:19:12'),
(1253, 28, 71, 182, '2018-08-13 01:14:11', '2018-08-13 01:19:12'),
(1254, 28, 72, 179, '2018-08-13 01:14:11', '2018-08-13 01:19:12'),
(1255, 28, 73, 164, '2018-08-13 01:14:11', '2018-08-13 01:19:12'),
(1256, 28, 82, 180, '2018-08-13 01:14:11', '2018-08-13 01:19:12'),
(1257, 28, 87, 90, '2018-08-13 01:14:11', '2018-08-13 01:19:12'),
(1258, 28, 92, 140, '2018-08-13 01:14:11', '2018-08-13 01:19:12'),
(1259, 28, 93, 92, '2018-08-13 01:14:11', '2018-08-13 01:19:12'),
(1260, 28, 101, 6, '2018-08-13 01:14:11', '2018-08-13 01:19:12'),
(1261, 28, 102, 16, '2018-08-13 01:14:11', '2018-08-13 01:19:12'),
(1262, 28, 103, 48, '2018-08-13 01:14:11', '2018-08-13 01:19:12'),
(1263, 28, 104, 220, '2018-08-13 01:14:11', '2018-08-13 01:19:12'),
(1264, 28, 105, 112, '2018-08-13 01:14:11', '2018-08-13 01:19:12'),
(1265, 28, 112, 50, '2018-08-13 01:14:11', '2018-08-13 01:19:12'),
(1266, 28, 113, 192, '2018-08-13 01:14:11', '2018-08-13 01:19:12'),
(1267, 28, 114, 220, '2018-08-13 01:14:11', '2018-08-13 01:19:12'),
(1268, 28, 116, 200, '2018-08-13 01:14:11', '2018-08-13 01:19:12'),
(1269, 28, 120, 100, '2018-08-13 01:14:11', '2018-08-13 01:19:12'),
(1270, 28, 121, 15, '2018-08-13 01:14:11', '2018-08-13 01:19:12'),
(1271, 28, 122, 32, '2018-08-13 01:14:11', '2018-08-13 01:19:12'),
(1272, 28, 123, 32, '2018-08-13 01:14:11', '2018-08-13 01:19:12'),
(1273, 28, 124, 20, '2018-08-13 01:14:11', '2018-08-13 01:19:12'),
(1274, 28, 125, 85, '2018-08-13 01:14:11', '2018-08-13 01:19:12'),
(1275, 28, 126, 12, '2018-08-13 01:14:11', '2018-08-13 01:19:12'),
(1276, 28, 127, 89, '2018-08-13 01:14:11', '2018-08-13 01:19:12'),
(1277, 28, 128, 7, '2018-08-13 01:14:11', '2018-08-13 01:19:12'),
(1278, 28, 129, 5, '2018-08-13 01:14:11', '2018-08-13 01:19:12'),
(1279, 28, 130, 6, '2018-08-13 01:14:11', '2018-08-13 01:19:12'),
(1280, 28, 140, 28, '2018-08-13 01:14:11', '2018-08-13 01:19:12'),
(1281, 28, 151, 13, '2018-08-13 01:14:11', '2018-08-13 01:19:12'),
(1282, 28, 160, 12, '2018-08-13 01:14:11', '2018-08-13 01:19:12'),
(1283, 29, 30, 190, '2018-08-13 01:14:11', '2018-08-13 01:19:12'),
(1284, 29, 31, 140, '2018-08-13 01:14:11', '2018-08-13 01:19:12'),
(1285, 29, 32, 120, '2018-08-13 01:14:11', '2018-08-13 01:19:12'),
(1286, 29, 33, 224, '2018-08-13 01:14:11', '2018-08-13 01:19:12'),
(1287, 29, 35, 288, '2018-08-13 01:14:11', '2018-08-13 01:19:12'),
(1288, 29, 36, 90, '2018-08-13 01:14:11', '2018-08-13 01:19:12'),
(1289, 29, 37, 240, '2018-08-13 01:14:11', '2018-08-13 01:19:12'),
(1290, 29, 38, 50, '2018-08-13 01:14:11', '2018-08-13 01:19:12'),
(1291, 29, 39, 344, '2018-08-13 01:14:11', '2018-08-13 01:19:12'),
(1292, 29, 40, 232, '2018-08-13 01:14:11', '2018-08-13 01:19:12'),
(1293, 29, 41, 96, '2018-08-13 01:14:11', '2018-08-13 01:19:12'),
(1294, 29, 42, 120, '2018-08-13 01:14:11', '2018-08-13 01:19:12'),
(1295, 29, 43, 175, '2018-08-13 01:14:11', '2018-08-13 01:19:12'),
(1296, 29, 44, 230, '2018-08-13 01:14:11', '2018-08-13 01:19:12'),
(1297, 29, 45, 250, '2018-08-13 01:14:11', '2018-08-13 01:19:12'),
(1298, 29, 46, 155, '2018-08-13 01:14:11', '2018-08-13 01:19:12'),
(1299, 29, 47, 120, '2018-08-13 01:14:11', '2018-08-13 01:19:12'),
(1300, 29, 48, 144, '2018-08-13 01:14:11', '2018-08-13 01:19:12'),
(1301, 29, 49, 250, '2018-08-13 01:14:11', '2018-08-13 01:19:12'),
(1302, 29, 51, 272, '2018-08-13 01:14:11', '2018-08-13 01:19:12'),
(1303, 29, 54, 104, '2018-08-13 01:14:11', '2018-08-13 01:19:12'),
(1304, 29, 56, 42, '2018-08-13 01:14:11', '2018-08-13 01:19:12'),
(1305, 29, 93, 136, '2018-08-13 01:14:11', '2018-08-13 01:19:12'),
(1306, 29, 104, 207, '2018-08-13 01:14:11', '2018-08-13 01:19:12'),
(1307, 29, 113, 140, '2018-08-13 01:14:11', '2018-08-13 01:19:12'),
(1308, 29, 159, 85, '2018-08-13 01:14:11', '2018-08-13 01:19:12'),
(1309, 29, 162, 48, '2018-08-13 01:14:11', '2018-08-13 01:19:12'),
(1310, 30, 31, 64, '2018-08-13 01:14:11', '2018-08-13 01:19:12'),
(1311, 30, 32, 224, '2018-08-13 01:14:11', '2018-08-13 01:19:12'),
(1312, 30, 33, 280, '2018-08-13 01:14:11', '2018-08-13 01:19:12'),
(1313, 30, 34, 32, '2018-08-13 01:14:11', '2018-08-13 01:19:12'),
(1314, 30, 35, 360, '2018-08-13 01:14:11', '2018-08-13 01:19:12'),
(1315, 30, 36, 120, '2018-08-13 01:14:11', '2018-08-13 01:19:12'),
(1316, 30, 37, 296, '2018-08-13 01:14:11', '2018-08-13 01:19:12'),
(1317, 30, 38, 272, '2018-08-13 01:14:11', '2018-08-13 01:19:12'),
(1318, 30, 39, 360, '2018-08-13 01:14:11', '2018-08-13 01:19:12'),
(1319, 30, 40, 272, '2018-08-13 01:14:11', '2018-08-13 01:19:12'),
(1320, 30, 41, 176, '2018-08-13 01:14:11', '2018-08-13 01:19:12'),
(1321, 30, 42, 168, '2018-08-13 01:14:11', '2018-08-13 01:19:12'),
(1322, 30, 43, 312, '2018-08-13 01:14:11', '2018-08-13 01:19:12'),
(1323, 30, 44, 56, '2018-08-13 01:14:11', '2018-08-13 01:19:12'),
(1324, 30, 45, 136, '2018-08-13 01:14:11', '2018-08-13 01:19:12'),
(1325, 30, 46, 140, '2018-08-13 01:14:11', '2018-08-13 01:19:12'),
(1326, 30, 47, 96, '2018-08-13 01:14:11', '2018-08-13 01:19:12'),
(1327, 30, 48, 200, '2018-08-13 01:14:11', '2018-08-13 01:19:12'),
(1328, 30, 49, 128, '2018-08-13 01:14:11', '2018-08-13 01:19:12'),
(1329, 30, 50, 16, '2018-08-13 01:14:11', '2018-08-13 01:19:12'),
(1330, 30, 51, 328, '2018-08-13 01:14:11', '2018-08-13 01:19:12'),
(1331, 30, 54, 170, '2018-08-13 01:14:11', '2018-08-13 01:19:12'),
(1332, 30, 56, 155, '2018-08-13 01:14:11', '2018-08-13 01:19:12'),
(1333, 30, 59, 525, '2018-08-13 01:14:11', '2018-08-13 01:19:12'),
(1334, 30, 88, 120, '2018-08-13 01:14:11', '2018-08-13 01:19:12'),
(1335, 30, 113, 56, '2018-08-13 01:14:11', '2018-08-13 01:19:12'),
(1336, 30, 155, 55, '2018-08-13 01:14:11', '2018-08-13 01:19:12'),
(1337, 31, 32, 160, '2018-08-13 01:14:11', '2018-08-13 01:19:12'),
(1338, 31, 33, 221, '2018-08-13 01:14:11', '2018-08-13 01:19:12'),
(1339, 31, 34, 96, '2018-08-13 01:14:11', '2018-08-13 01:19:12'),
(1340, 31, 35, 264, '2018-08-13 01:14:11', '2018-08-13 01:19:12'),
(1341, 31, 36, 56, '2018-08-13 01:14:11', '2018-08-13 01:19:12'),
(1342, 31, 37, 224, '2018-08-13 01:14:11', '2018-08-13 01:19:12'),
(1343, 31, 39, 296, '2018-08-13 01:14:11', '2018-08-13 01:19:12'),
(1344, 31, 40, 200, '2018-08-13 01:14:11', '2018-08-13 01:19:12'),
(1345, 31, 41, 110, '2018-08-13 01:14:11', '2018-08-13 01:19:12'),
(1346, 31, 42, 104, '2018-08-13 01:14:11', '2018-08-13 01:19:12'),
(1347, 31, 44, 120, '2018-08-13 01:14:11', '2018-08-13 01:19:12'),
(1348, 31, 45, 200, '2018-08-13 01:14:11', '2018-08-13 01:19:12'),
(1349, 31, 46, 190, '2018-08-13 01:14:11', '2018-08-13 01:19:12'),
(1350, 31, 47, 32, '2018-08-13 01:14:11', '2018-08-13 01:19:12'),
(1351, 31, 48, 136, '2018-08-13 01:14:11', '2018-08-13 01:19:12'),
(1352, 31, 49, 192, '2018-08-13 01:14:11', '2018-08-13 01:19:12'),
(1353, 31, 50, 80, '2018-08-13 01:14:11', '2018-08-13 01:19:12'),
(1354, 31, 51, 264, '2018-08-13 01:14:11', '2018-08-13 01:19:12'),
(1355, 31, 54, 96, '2018-08-13 01:14:11', '2018-08-13 01:19:12'),
(1356, 31, 113, 8, '2018-08-13 01:14:11', '2018-08-13 01:19:12'),
(1357, 31, 163, 50, '2018-08-13 01:14:11', '2018-08-13 01:19:12'),
(1358, 32, 33, 68, '2018-08-13 01:14:11', '2018-08-13 01:19:12'),
(1359, 32, 34, 254, '2018-08-13 01:14:11', '2018-08-13 01:19:12'),
(1360, 32, 35, 176, '2018-08-13 01:14:11', '2018-08-13 01:19:12'),
(1361, 32, 36, 104, '2018-08-13 01:14:11', '2018-08-13 01:19:12'),
(1362, 32, 37, 112, '2018-08-13 01:14:11', '2018-08-13 01:19:12'),
(1363, 32, 38, 24, '2018-08-13 01:14:11', '2018-08-13 01:19:12'),
(1364, 32, 39, 122, '2018-08-13 01:14:11', '2018-08-13 01:19:12'),
(1365, 32, 40, 87, '2018-08-13 01:14:11', '2018-08-13 01:19:12'),
(1366, 32, 41, 119, '2018-08-13 01:14:11', '2018-08-13 01:19:12'),
(1367, 32, 42, 88, '2018-08-13 01:14:11', '2018-08-13 01:19:12'),
(1368, 32, 43, 88, '2018-08-13 01:14:11', '2018-08-13 01:19:12'),
(1369, 32, 44, 280, '2018-08-13 01:14:11', '2018-08-13 01:19:12'),
(1370, 32, 45, 352, '2018-08-13 01:14:11', '2018-08-13 01:19:12'),
(1371, 32, 46, 264, '2018-08-13 01:14:11', '2018-08-13 01:19:12'),
(1372, 32, 47, 120, '2018-08-13 01:14:11', '2018-08-13 01:19:12'),
(1373, 32, 48, 88, '2018-08-13 01:14:11', '2018-08-13 01:19:12'),
(1374, 32, 50, 240, '2018-08-13 01:14:11', '2018-08-13 01:19:12'),
(1375, 32, 51, 152, '2018-08-13 01:14:11', '2018-08-13 01:19:12'),
(1376, 32, 54, 104, '2018-08-13 01:14:11', '2018-08-13 01:19:12'),
(1377, 32, 55, 121, '2018-08-13 01:14:11', '2018-08-13 01:19:12'),
(1378, 32, 56, 76, '2018-08-13 01:14:11', '2018-08-13 01:19:12'),
(1379, 32, 57, 217, '2018-08-13 01:14:11', '2018-08-13 01:19:12'),
(1380, 32, 58, 173, '2018-08-13 01:14:11', '2018-08-13 01:19:12'),
(1381, 32, 59, 303, '2018-08-13 01:14:11', '2018-08-13 01:19:12'),
(1382, 32, 60, 320, '2018-08-13 01:14:11', '2018-08-13 01:19:12'),
(1383, 32, 61, 32, '2018-08-13 01:14:11', '2018-08-13 01:19:12'),
(1384, 32, 62, 110, '2018-08-13 01:14:11', '2018-08-13 01:19:12'),
(1385, 32, 63, 230, '2018-08-13 01:14:11', '2018-08-13 01:19:12'),
(1386, 32, 64, 135, '2018-08-13 01:14:11', '2018-08-13 01:19:12'),
(1387, 32, 65, 246, '2018-08-13 01:14:11', '2018-08-13 01:19:12'),
(1388, 32, 66, 240, '2018-08-13 01:14:11', '2018-08-13 01:19:12'),
(1389, 32, 67, 121, '2018-08-13 01:14:11', '2018-08-13 01:19:12'),
(1390, 32, 68, 138, '2018-08-13 01:14:11', '2018-08-13 01:19:12'),
(1391, 32, 69, 282, '2018-08-13 01:14:11', '2018-08-13 01:19:12'),
(1392, 32, 70, 246, '2018-08-13 01:14:11', '2018-08-13 01:19:12'),
(1393, 32, 71, 164, '2018-08-13 01:14:11', '2018-08-13 01:19:12'),
(1394, 32, 72, 161, '2018-08-13 01:14:11', '2018-08-13 01:19:12'),
(1395, 32, 73, 206, '2018-08-13 01:14:11', '2018-08-13 01:19:12'),
(1396, 32, 82, 80, '2018-08-13 01:14:11', '2018-08-13 01:19:12'),
(1397, 32, 87, 48, '2018-08-13 01:14:11', '2018-08-13 01:19:12'),
(1398, 32, 113, 188, '2018-08-13 01:14:11', '2018-08-13 01:19:12'),
(1399, 32, 137, 115, '2018-08-13 01:14:11', '2018-08-13 01:19:12'),
(1400, 32, 143, 24, '2018-08-13 01:14:11', '2018-08-13 01:19:12'),
(1401, 32, 164, 26, '2018-08-13 01:14:11', '2018-08-13 01:19:12'),
(1402, 32, 165, 20, '2018-08-13 01:14:11', '2018-08-13 01:19:12'),
(1403, 33, 34, 303, '2018-08-13 01:14:11', '2018-08-13 01:19:12'),
(1404, 33, 35, 176, '2018-08-13 01:14:11', '2018-08-13 01:19:12'),
(1405, 33, 36, 160, '2018-08-13 01:14:11', '2018-08-13 01:19:12'),
(1406, 33, 37, 16, '2018-08-13 01:14:11', '2018-08-13 01:19:12'),
(1407, 33, 38, 72, '2018-08-13 01:14:11', '2018-08-13 01:19:12'),
(1408, 33, 39, 114, '2018-08-13 01:14:11', '2018-08-13 01:19:12'),
(1409, 33, 40, 154, '2018-08-13 01:14:11', '2018-08-13 01:19:12'),
(1410, 33, 41, 167, '2018-08-13 01:14:11', '2018-08-13 01:19:12'),
(1411, 33, 42, 168, '2018-08-13 01:14:11', '2018-08-13 01:19:12'),
(1412, 33, 43, 70, '2018-08-13 01:14:11', '2018-08-13 01:19:12'),
(1413, 33, 44, 320, '2018-08-13 01:14:11', '2018-08-13 01:19:12'),
(1414, 33, 45, 288, '2018-08-13 01:14:11', '2018-08-13 01:19:12'),
(1415, 33, 46, 195, '2018-08-13 01:14:11', '2018-08-13 01:19:12'),
(1416, 33, 47, 184, '2018-08-13 01:14:11', '2018-08-13 01:19:12'),
(1417, 33, 48, 160, '2018-08-13 01:14:11', '2018-08-13 01:19:12'),
(1418, 33, 49, 304, '2018-08-13 01:14:11', '2018-08-13 01:19:12'),
(1419, 33, 50, 296, '2018-08-13 01:14:11', '2018-08-13 01:19:12'),
(1420, 33, 51, 360, '2018-08-13 01:14:11', '2018-08-13 01:19:12'),
(1421, 33, 54, 168, '2018-08-13 01:14:11', '2018-08-13 01:19:12'),
(1422, 33, 55, 113, '2018-08-13 01:14:11', '2018-08-13 01:19:12'),
(1423, 33, 56, 124, '2018-08-13 01:14:11', '2018-08-13 01:19:12'),
(1424, 33, 57, 212, '2018-08-13 01:14:11', '2018-08-13 01:19:12'),
(1425, 33, 58, 156, '2018-08-13 01:14:11', '2018-08-13 01:19:12'),
(1426, 33, 59, 295, '2018-08-13 01:14:11', '2018-08-13 01:19:12'),
(1427, 33, 60, 312, '2018-08-13 01:14:11', '2018-08-13 01:19:12'),
(1428, 33, 61, 64, '2018-08-13 01:14:11', '2018-08-13 01:19:12'),
(1429, 33, 62, 70, '2018-08-13 01:14:11', '2018-08-13 01:19:12'),
(1430, 33, 63, 211, '2018-08-13 01:14:11', '2018-08-13 01:19:12'),
(1431, 33, 64, 127, '2018-08-13 01:14:11', '2018-08-13 01:19:12'),
(1432, 33, 65, 228, '2018-08-13 01:14:11', '2018-08-13 01:19:12'),
(1433, 33, 66, 270, '2018-08-13 01:14:11', '2018-08-13 01:19:12'),
(1434, 33, 67, 169, '2018-08-13 01:14:11', '2018-08-13 01:19:12'),
(1435, 33, 68, 187, '2018-08-13 01:14:11', '2018-08-13 01:19:12'),
(1436, 33, 69, 264, '2018-08-13 01:14:11', '2018-08-13 01:19:12'),
(1437, 33, 70, 238, '2018-08-13 01:14:11', '2018-08-13 01:19:12'),
(1438, 33, 71, 156, '2018-08-13 01:14:11', '2018-08-13 01:19:12'),
(1439, 33, 72, 153, '2018-08-13 01:14:11', '2018-08-13 01:19:12'),
(1440, 33, 73, 192, '2018-08-13 01:14:11', '2018-08-13 01:19:12'),
(1441, 33, 113, 200, '2018-08-13 01:14:11', '2018-08-13 01:19:12'),
(1442, 34, 35, 392, '2018-08-13 01:14:11', '2018-08-13 01:19:12'),
(1443, 34, 36, 152, '2018-08-13 01:14:11', '2018-08-13 01:19:12'),
(1444, 34, 37, 328, '2018-08-13 01:14:11', '2018-08-13 01:19:12'),
(1445, 34, 39, 377, '2018-08-13 01:14:11', '2018-08-13 01:19:12'),
(1446, 34, 40, 283, '2018-08-13 01:14:11', '2018-08-13 01:19:12'),
(1447, 34, 41, 169, '2018-08-13 01:14:11', '2018-08-13 01:19:12'),
(1448, 34, 42, 200, '2018-08-13 01:14:11', '2018-08-13 01:19:12'),
(1449, 34, 43, 344, '2018-08-13 01:14:11', '2018-08-13 01:19:12'),
(1450, 34, 45, 110, '2018-08-13 01:14:11', '2018-08-13 01:19:12'),
(1451, 34, 46, 110, '2018-08-13 01:14:11', '2018-08-13 01:19:12'),
(1452, 34, 47, 128, '2018-08-13 01:14:11', '2018-08-13 01:19:12'),
(1453, 34, 48, 232, '2018-08-13 01:14:11', '2018-08-13 01:19:12'),
(1454, 34, 49, 104, '2018-08-13 01:14:11', '2018-08-13 01:19:12'),
(1455, 34, 50, 16, '2018-08-13 01:14:11', '2018-08-13 01:19:12'),
(1456, 34, 51, 360, '2018-08-13 01:14:11', '2018-08-13 01:19:12'),
(1457, 34, 54, 192, '2018-08-13 01:14:11', '2018-08-13 01:19:12'),
(1458, 34, 55, 367, '2018-08-13 01:14:11', '2018-08-13 01:19:12'),
(1459, 34, 56, 187, '2018-08-13 01:14:11', '2018-08-13 01:19:12'),
(1460, 34, 57, 336, '2018-08-13 01:14:11', '2018-08-13 01:19:12'),
(1461, 34, 58, 190, '2018-08-13 01:14:11', '2018-08-13 01:19:12'),
(1462, 34, 59, 570, '2018-08-13 01:14:11', '2018-08-13 01:19:12'),
(1463, 34, 60, 575, '2018-08-13 01:14:11', '2018-08-13 01:19:12'),
(1464, 34, 61, 238, '2018-08-13 01:14:11', '2018-08-13 01:19:12'),
(1465, 34, 62, 269, '2018-08-13 01:14:11', '2018-08-13 01:19:12'),
(1466, 34, 63, 473, '2018-08-13 01:14:11', '2018-08-13 01:19:12'),
(1467, 34, 64, 389, '2018-08-13 01:14:11', '2018-08-13 01:19:12'),
(1468, 34, 65, 191, '2018-08-13 01:14:11', '2018-08-13 01:19:12'),
(1469, 34, 66, 61, '2018-08-13 01:14:11', '2018-08-13 01:19:12'),
(1470, 34, 67, 132, '2018-08-13 01:14:11', '2018-08-13 01:19:12'),
(1471, 34, 68, 150, '2018-08-13 01:14:11', '2018-08-13 01:19:12'),
(1472, 34, 69, 230, '2018-08-13 01:14:11', '2018-08-13 01:19:12'),
(1473, 34, 70, 501, '2018-08-13 01:14:11', '2018-08-13 01:19:12'),
(1474, 34, 71, 418, '2018-08-13 01:14:11', '2018-08-13 01:19:12'),
(1475, 34, 72, 415, '2018-08-13 01:14:11', '2018-08-13 01:19:12'),
(1476, 34, 73, 158, '2018-08-13 01:14:11', '2018-08-13 01:19:12'),
(1477, 34, 113, 80, '2018-08-13 01:14:11', '2018-08-13 01:19:12'),
(1478, 34, 155, 24, '2018-08-13 01:14:11', '2018-08-13 01:19:12'),
(1479, 35, 36, 240, '2018-08-13 01:14:11', '2018-08-13 01:19:12'),
(1480, 35, 37, 157, '2018-08-13 01:14:11', '2018-08-13 01:19:12'),
(1481, 35, 41, 312, '2018-08-13 01:14:11', '2018-08-13 01:19:12'),
(1482, 35, 42, 200, '2018-08-13 01:14:11', '2018-08-13 01:19:12'),
(1483, 35, 43, 74, '2018-08-13 01:14:11', '2018-08-13 01:19:12'),
(1484, 35, 44, 408, '2018-08-13 01:14:11', '2018-08-13 01:19:12'),
(1485, 35, 45, 488, '2018-08-13 01:14:11', '2018-08-13 01:19:12'),
(1486, 35, 47, 264, '2018-08-13 01:14:11', '2018-08-13 01:19:12'),
(1487, 35, 48, 184, '2018-08-13 01:14:11', '2018-08-13 01:19:12'),
(1488, 35, 50, 336, '2018-08-13 01:14:11', '2018-08-13 01:19:12'),
(1489, 35, 51, 56, '2018-08-13 01:14:11', '2018-08-13 01:19:12'),
(1490, 35, 54, 200, '2018-08-13 01:14:11', '2018-08-13 01:19:12'),
(1491, 35, 55, 13, '2018-08-13 01:14:11', '2018-08-13 01:19:12'),
(1492, 35, 59, 188, '2018-08-13 01:14:11', '2018-08-13 01:19:12'),
(1493, 35, 71, 93, '2018-08-13 01:14:11', '2018-08-13 01:19:12'),
(1494, 35, 113, 304, '2018-08-13 01:14:11', '2018-08-13 01:19:12'),
(1495, 35, 116, 116, '2018-08-13 01:14:11', '2018-08-13 01:19:12'),
(1496, 36, 37, 184, '2018-08-13 01:14:11', '2018-08-13 01:19:12'),
(1497, 36, 38, 104, '2018-08-13 01:14:11', '2018-08-13 01:19:12'),
(1498, 36, 39, 240, '2018-08-13 01:14:11', '2018-08-13 01:19:12'),
(1499, 36, 40, 152, '2018-08-13 01:14:11', '2018-08-13 01:19:12'),
(1500, 36, 41, 112, '2018-08-13 01:14:11', '2018-08-13 01:19:12'),
(1501, 36, 42, 48, '2018-08-13 01:14:11', '2018-08-13 01:19:12'),
(1502, 36, 43, 192, '2018-08-13 01:14:11', '2018-08-13 01:19:12'),
(1503, 36, 44, 176, '2018-08-13 01:14:11', '2018-08-13 01:19:12'),
(1504, 36, 45, 256, '2018-08-13 01:14:11', '2018-08-13 01:19:12'),
(1505, 36, 46, 288, '2018-08-13 01:14:11', '2018-08-13 01:19:12'),
(1506, 36, 47, 24, '2018-08-13 01:14:11', '2018-08-13 01:19:12'),
(1507, 36, 48, 80, '2018-08-13 01:14:11', '2018-08-13 01:19:12'),
(1508, 36, 49, 266, '2018-08-13 01:14:11', '2018-08-13 01:19:12'),
(1509, 36, 50, 136, '2018-08-13 01:14:11', '2018-08-13 01:19:12'),
(1510, 36, 51, 208, '2018-08-13 01:14:11', '2018-08-13 01:19:12'),
(1511, 36, 54, 40, '2018-08-13 01:14:11', '2018-08-13 01:19:12'),
(1512, 36, 113, 73, '2018-08-13 01:14:11', '2018-08-13 01:19:12'),
(1513, 37, 39, 104, '2018-08-13 01:14:11', '2018-08-13 01:19:12'),
(1514, 37, 41, 272, '2018-08-13 01:14:11', '2018-08-13 01:19:12'),
(1515, 37, 42, 160, '2018-08-13 01:14:11', '2018-08-13 01:19:12'),
(1516, 37, 43, 56, '2018-08-13 01:14:11', '2018-08-13 01:19:12'),
(1517, 37, 44, 360, '2018-08-13 01:14:11', '2018-08-13 01:19:12'),
(1518, 37, 45, 304, '2018-08-13 01:14:11', '2018-08-13 01:19:12'),
(1519, 37, 47, 208, '2018-08-13 01:14:11', '2018-08-13 01:19:12'),
(1520, 37, 48, 168, '2018-08-13 01:14:11', '2018-08-13 01:19:12'),
(1521, 37, 49, 352, '2018-08-13 01:14:11', '2018-08-13 01:19:12'),
(1522, 37, 50, 376, '2018-08-13 01:14:11', '2018-08-13 01:19:12'),
(1523, 37, 51, 160, '2018-08-13 01:14:11', '2018-08-13 01:19:12'),
(1524, 37, 54, 168, '2018-08-13 01:14:11', '2018-08-13 01:19:12'),
(1525, 37, 113, 248, '2018-08-13 01:14:11', '2018-08-13 01:19:12'),
(1526, 38, 39, 160, '2018-08-13 01:14:11', '2018-08-13 01:19:12'),
(1527, 38, 42, 88, '2018-08-13 01:14:11', '2018-08-13 01:19:12'),
(1528, 38, 43, 109, '2018-08-13 01:14:11', '2018-08-13 01:19:12'),
(1529, 38, 47, 128, '2018-08-13 01:14:11', '2018-08-13 01:19:12'),
(1530, 38, 48, 175, '2018-08-13 01:14:11', '2018-08-13 01:19:12'),
(1531, 38, 54, 112, '2018-08-13 01:14:11', '2018-08-13 01:19:12'),
(1532, 38, 61, 12, '2018-08-13 01:14:11', '2018-08-13 01:19:12'),
(1533, 38, 81, 70, '2018-08-13 01:14:11', '2018-08-13 01:19:12'),
(1534, 38, 82, 176, '2018-08-13 01:14:11', '2018-08-13 01:19:12'),
(1535, 38, 86, 85, '2018-08-13 01:14:11', '2018-08-13 01:19:12'),
(1536, 38, 93, 125, '2018-08-13 01:14:11', '2018-08-13 01:19:12'),
(1537, 38, 101, 39, '2018-08-13 01:14:11', '2018-08-13 01:19:12'),
(1538, 38, 109, 80, '2018-08-13 01:14:11', '2018-08-13 01:19:12'),
(1539, 38, 113, 160, '2018-08-13 01:14:11', '2018-08-13 01:19:12'),
(1540, 38, 140, 13, '2018-08-13 01:14:11', '2018-08-13 01:19:12'),
(1541, 38, 146, 90, '2018-08-13 01:14:11', '2018-08-13 01:19:12'),
(1542, 39, 40, 175, '2018-08-13 01:14:11', '2018-08-13 01:19:12'),
(1543, 39, 41, 241, '2018-08-13 01:14:11', '2018-08-13 01:19:12'),
(1544, 39, 42, 232, '2018-08-13 01:14:11', '2018-08-13 01:19:12'),
(1545, 39, 43, 71, '2018-08-13 01:14:11', '2018-08-13 01:19:12'),
(1546, 39, 44, 416, '2018-08-13 01:14:11', '2018-08-13 01:19:12'),
(1547, 39, 45, 416, '2018-08-13 01:14:11', '2018-08-13 01:19:12'),
(1548, 39, 46, 456, '2018-08-13 01:14:11', '2018-08-13 01:19:12'),
(1549, 39, 47, 264, '2018-08-13 01:14:11', '2018-08-13 01:19:12'),
(1550, 39, 48, 208, '2018-08-13 01:14:11', '2018-08-13 01:19:12'),
(1551, 39, 49, 424, '2018-08-13 01:14:11', '2018-08-13 01:19:12'),
(1552, 39, 50, 376, '2018-08-13 01:14:11', '2018-08-13 01:19:12'),
(1553, 39, 51, 146, '2018-08-13 01:14:11', '2018-08-13 01:19:12'),
(1554, 39, 54, 248, '2018-08-13 01:14:11', '2018-08-13 01:19:12'),
(1555, 39, 55, 101, '2018-08-13 01:14:11', '2018-08-13 01:19:12'),
(1556, 39, 56, 198, '2018-08-13 01:14:11', '2018-08-13 01:19:12'),
(1557, 39, 57, 95, '2018-08-13 01:14:11', '2018-08-13 01:19:12'),
(1558, 39, 58, 264, '2018-08-13 01:14:11', '2018-08-13 01:19:12'),
(1559, 39, 59, 283, '2018-08-13 01:14:11', '2018-08-13 01:19:12'),
(1560, 39, 60, 301, '2018-08-13 01:14:11', '2018-08-13 01:19:12'),
(1561, 39, 61, 154, '2018-08-13 01:14:11', '2018-08-13 01:19:12'),
(1562, 39, 62, 209, '2018-08-13 01:14:11', '2018-08-13 01:19:12'),
(1563, 39, 63, 200, '2018-08-13 01:14:11', '2018-08-13 01:19:12');
INSERT INTO `distances` (`id`, `frm`, `to`, `distance`, `created_at`, `updated_at`) VALUES
(1564, 39, 64, 116, '2018-08-13 01:14:11', '2018-08-13 01:19:12'),
(1565, 39, 65, 287, '2018-08-13 01:14:11', '2018-08-13 01:19:12'),
(1566, 39, 66, 340, '2018-08-13 01:14:11', '2018-08-13 01:19:12'),
(1567, 39, 67, 243, '2018-08-13 01:14:11', '2018-08-13 01:19:12'),
(1568, 39, 68, 261, '2018-08-13 01:14:11', '2018-08-13 01:19:12'),
(1569, 39, 69, 214, '2018-08-13 01:14:11', '2018-08-13 01:19:12'),
(1570, 39, 70, 227, '2018-08-13 01:14:11', '2018-08-13 01:19:12'),
(1571, 39, 71, 129, '2018-08-13 01:14:11', '2018-08-13 01:19:12'),
(1572, 39, 72, 142, '2018-08-13 01:14:11', '2018-08-13 01:19:12'),
(1573, 39, 73, 243, '2018-08-13 01:14:11', '2018-08-13 01:19:12'),
(1574, 39, 75, 65, '2018-08-13 01:14:11', '2018-08-13 01:19:12'),
(1575, 39, 104, 220, '2018-08-13 01:14:11', '2018-08-13 01:19:12'),
(1576, 39, 105, 100, '2018-08-13 01:14:11', '2018-08-13 01:19:12'),
(1577, 39, 106, 20, '2018-08-13 01:14:11', '2018-08-13 01:19:12'),
(1578, 39, 113, 304, '2018-08-13 01:14:11', '2018-08-13 01:19:12'),
(1579, 39, 114, 71, '2018-08-13 01:14:11', '2018-08-13 01:19:12'),
(1580, 39, 115, 39, '2018-08-13 01:14:11', '2018-08-13 01:19:12'),
(1581, 39, 116, 148, '2018-08-13 01:14:11', '2018-08-13 01:19:12'),
(1582, 39, 136, 70, '2018-08-13 01:14:11', '2018-08-13 01:19:12'),
(1583, 40, 41, 206, '2018-08-13 01:14:11', '2018-08-13 01:19:12'),
(1584, 40, 42, 104, '2018-08-13 01:14:11', '2018-08-13 01:19:12'),
(1585, 40, 43, 152, '2018-08-13 01:14:11', '2018-08-13 01:19:12'),
(1586, 40, 44, 280, '2018-08-13 01:14:11', '2018-08-13 01:19:12'),
(1587, 40, 45, 400, '2018-08-13 01:14:11', '2018-08-13 01:19:12'),
(1588, 40, 46, 304, '2018-08-13 01:14:11', '2018-08-13 01:19:12'),
(1589, 40, 47, 176, '2018-08-13 01:14:11', '2018-08-13 01:19:12'),
(1590, 40, 48, 72, '2018-08-13 01:14:11', '2018-08-13 01:19:12'),
(1591, 40, 49, 400, '2018-08-13 01:14:11', '2018-08-13 01:19:12'),
(1592, 40, 50, 288, '2018-08-13 01:14:11', '2018-08-13 01:19:12'),
(1593, 40, 51, 48, '2018-08-13 01:14:11', '2018-08-13 01:19:12'),
(1594, 40, 54, 120, '2018-08-13 01:14:11', '2018-08-13 01:19:12'),
(1595, 40, 55, 74, '2018-08-13 01:14:11', '2018-08-13 01:19:12'),
(1596, 40, 56, 163, '2018-08-13 01:14:11', '2018-08-13 01:19:12'),
(1597, 40, 57, 270, '2018-08-13 01:14:11', '2018-08-13 01:19:12'),
(1598, 40, 58, 261, '2018-08-13 01:14:11', '2018-08-13 01:19:12'),
(1599, 40, 59, 269, '2018-08-13 01:14:11', '2018-08-13 01:19:12'),
(1600, 40, 60, 286, '2018-08-13 01:14:11', '2018-08-13 01:19:12'),
(1601, 40, 61, 119, '2018-08-13 01:14:11', '2018-08-13 01:19:12'),
(1602, 40, 62, 198, '2018-08-13 01:14:11', '2018-08-13 01:19:12'),
(1603, 40, 63, 185, '2018-08-13 01:14:11', '2018-08-13 01:19:12'),
(1604, 40, 64, 101, '2018-08-13 01:14:11', '2018-08-13 01:19:12'),
(1605, 40, 65, 368, '2018-08-13 01:14:11', '2018-08-13 01:19:12'),
(1606, 40, 66, 314, '2018-08-13 01:14:11', '2018-08-13 01:19:12'),
(1607, 40, 67, 159, '2018-08-13 01:14:11', '2018-08-13 01:19:12'),
(1608, 40, 68, 225, '2018-08-13 01:14:11', '2018-08-13 01:19:12'),
(1609, 40, 69, 369, '2018-08-13 01:14:11', '2018-08-13 01:19:12'),
(1610, 40, 70, 212, '2018-08-13 01:14:11', '2018-08-13 01:19:12'),
(1611, 40, 71, 180, '2018-08-13 01:14:11', '2018-08-13 01:19:12'),
(1612, 40, 72, 127, '2018-08-13 01:14:11', '2018-08-13 01:19:12'),
(1613, 40, 73, 295, '2018-08-13 01:14:11', '2018-08-13 01:19:12'),
(1614, 40, 74, 30, '2018-08-13 01:14:11', '2018-08-13 01:19:12'),
(1615, 40, 82, 60, '2018-08-13 01:14:11', '2018-08-13 01:19:12'),
(1616, 40, 106, 80, '2018-08-13 01:14:11', '2018-08-13 01:19:12'),
(1617, 40, 113, 224, '2018-08-13 01:14:11', '2018-08-13 01:19:12'),
(1618, 41, 42, 140, '2018-08-13 01:14:11', '2018-08-13 01:19:12'),
(1619, 41, 43, 336, '2018-08-13 01:14:11', '2018-08-13 01:19:12'),
(1620, 41, 44, 140, '2018-08-13 01:14:11', '2018-08-13 01:19:12'),
(1621, 41, 45, 168, '2018-08-13 01:14:11', '2018-08-13 01:19:12'),
(1622, 41, 46, 72, '2018-08-13 01:14:11', '2018-08-13 01:19:12'),
(1623, 41, 47, 96, '2018-08-13 01:14:11', '2018-08-13 01:19:12'),
(1624, 41, 48, 168, '2018-08-13 01:14:11', '2018-08-13 01:19:12'),
(1625, 41, 49, 192, '2018-08-13 01:14:11', '2018-08-13 01:19:12'),
(1626, 41, 50, 232, '2018-08-13 01:14:11', '2018-08-13 01:19:12'),
(1627, 41, 54, 128, '2018-08-13 01:14:11', '2018-08-13 01:19:12'),
(1628, 41, 55, 240, '2018-08-13 01:14:11', '2018-08-13 01:19:12'),
(1629, 41, 56, 43, '2018-08-13 01:14:11', '2018-08-13 01:19:12'),
(1630, 41, 57, 296, '2018-08-13 01:14:11', '2018-08-13 01:19:12'),
(1631, 41, 58, 86, '2018-08-13 01:14:11', '2018-08-13 01:19:12'),
(1632, 41, 59, 422, '2018-08-13 01:14:11', '2018-08-13 01:19:12'),
(1633, 41, 60, 439, '2018-08-13 01:14:11', '2018-08-13 01:19:12'),
(1634, 41, 61, 103, '2018-08-13 01:14:11', '2018-08-13 01:19:12'),
(1635, 41, 62, 201, '2018-08-13 01:14:11', '2018-08-13 01:19:12'),
(1636, 41, 63, 338, '2018-08-13 01:14:11', '2018-08-13 01:19:12'),
(1637, 41, 64, 254, '2018-08-13 01:14:11', '2018-08-13 01:19:12'),
(1638, 41, 65, 149, '2018-08-13 01:14:11', '2018-08-13 01:19:12'),
(1639, 41, 66, 108, '2018-08-13 01:14:11', '2018-08-13 01:19:12'),
(1640, 41, 67, 69, '2018-08-13 01:14:11', '2018-08-13 01:19:12'),
(1641, 41, 68, 19, '2018-08-13 01:14:11', '2018-08-13 01:19:12'),
(1642, 41, 69, 188, '2018-08-13 01:14:11', '2018-08-13 01:19:12'),
(1643, 41, 70, 365, '2018-08-13 01:14:11', '2018-08-13 01:19:12'),
(1644, 41, 71, 283, '2018-08-13 01:14:11', '2018-08-13 01:19:12'),
(1645, 41, 72, 280, '2018-08-13 01:14:11', '2018-08-13 01:19:12'),
(1646, 41, 73, 121, '2018-08-13 01:14:11', '2018-08-13 01:19:12'),
(1647, 41, 80, 40, '2018-08-13 01:14:11', '2018-08-13 01:19:12'),
(1648, 41, 92, 130, '2018-08-13 01:14:11', '2018-08-13 01:19:12'),
(1649, 41, 93, 103, '2018-08-13 01:14:11', '2018-08-13 01:19:12'),
(1650, 41, 98, 72, '2018-08-13 01:14:11', '2018-08-13 01:19:12'),
(1651, 41, 113, 112, '2018-08-13 01:14:11', '2018-08-13 01:19:12'),
(1652, 41, 119, 38, '2018-08-13 01:14:11', '2018-08-13 01:19:12'),
(1653, 41, 120, 80, '2018-08-13 01:14:11', '2018-08-13 01:19:12'),
(1654, 42, 43, 176, '2018-08-13 01:14:11', '2018-08-13 01:19:12'),
(1655, 42, 44, 232, '2018-08-13 01:14:11', '2018-08-13 01:19:12'),
(1656, 42, 45, 296, '2018-08-13 01:14:11', '2018-08-13 01:19:12'),
(1657, 42, 46, 200, '2018-08-13 01:14:11', '2018-08-13 01:19:12'),
(1658, 42, 47, 72, '2018-08-13 01:14:11', '2018-08-13 01:19:12'),
(1659, 42, 48, 48, '2018-08-13 01:14:11', '2018-08-13 01:19:12'),
(1660, 42, 49, 296, '2018-08-13 01:14:11', '2018-08-13 01:19:12'),
(1661, 42, 50, 184, '2018-08-13 01:14:11', '2018-08-13 01:19:12'),
(1662, 42, 51, 160, '2018-08-13 01:14:11', '2018-08-13 01:19:12'),
(1663, 42, 54, 10, '2018-08-13 01:14:11', '2018-08-13 01:19:12'),
(1664, 42, 82, 35, '2018-08-13 01:14:11', '2018-08-13 01:19:12'),
(1665, 42, 108, 4, '2018-08-13 01:14:11', '2018-08-13 01:19:12'),
(1666, 42, 109, 20, '2018-08-13 01:14:11', '2018-08-13 01:19:12'),
(1667, 42, 113, 112, '2018-08-13 01:14:11', '2018-08-13 01:19:12'),
(1668, 43, 44, 360, '2018-08-13 01:14:11', '2018-08-13 01:19:12'),
(1669, 43, 45, 352, '2018-08-13 01:14:11', '2018-08-13 01:19:12'),
(1670, 43, 46, 376, '2018-08-13 01:14:11', '2018-08-13 01:19:12'),
(1671, 43, 47, 200, '2018-08-13 01:14:11', '2018-08-13 01:19:12'),
(1672, 43, 48, 176, '2018-08-13 01:14:11', '2018-08-13 01:19:12'),
(1673, 43, 49, 360, '2018-08-13 01:14:11', '2018-08-13 01:19:12'),
(1674, 43, 50, 328, '2018-08-13 01:14:11', '2018-08-13 01:19:12'),
(1675, 43, 51, 120, '2018-08-13 01:14:11', '2018-08-13 01:19:12'),
(1676, 43, 54, 200, '2018-08-13 01:14:11', '2018-08-13 01:19:12'),
(1677, 43, 55, 80, '2018-08-13 01:14:11', '2018-08-13 01:19:12'),
(1678, 43, 59, 280, '2018-08-13 01:14:11', '2018-08-13 01:19:12'),
(1679, 43, 71, 109, '2018-08-13 01:14:11', '2018-08-13 01:19:12'),
(1680, 43, 74, 210, '2018-08-13 01:14:11', '2018-08-13 01:19:12'),
(1681, 43, 75, 48, '2018-08-13 01:14:11', '2018-08-13 01:19:12'),
(1682, 43, 81, 145, '2018-08-13 01:14:11', '2018-08-13 01:19:12'),
(1683, 43, 82, 200, '2018-08-13 01:14:11', '2018-08-13 01:19:12'),
(1684, 43, 85, 136, '2018-08-13 01:14:11', '2018-08-13 01:19:12'),
(1685, 43, 86, 152, '2018-08-13 01:14:11', '2018-08-13 01:19:12'),
(1686, 43, 106, 40, '2018-08-13 01:14:11', '2018-08-13 01:19:12'),
(1687, 43, 111, 10, '2018-08-13 01:14:11', '2018-08-13 01:19:12'),
(1688, 43, 112, 110, '2018-08-13 01:14:11', '2018-08-13 01:19:12'),
(1689, 43, 113, 256, '2018-08-13 01:14:11', '2018-08-13 01:19:12'),
(1690, 43, 114, 136, '2018-08-13 01:14:11', '2018-08-13 01:19:12'),
(1691, 43, 116, 128, '2018-08-13 01:14:11', '2018-08-13 01:19:12'),
(1692, 44, 45, 72, '2018-08-13 01:14:11', '2018-08-13 01:19:12'),
(1693, 44, 46, 65, '2018-08-13 01:14:11', '2018-08-13 01:19:12'),
(1694, 44, 47, 152, '2018-08-13 01:14:11', '2018-08-13 01:19:12'),
(1695, 44, 48, 256, '2018-08-13 01:14:11', '2018-08-13 01:19:12'),
(1696, 44, 49, 112, '2018-08-13 01:14:11', '2018-08-13 01:19:12'),
(1697, 44, 50, 24, '2018-08-13 01:14:11', '2018-08-13 01:19:12'),
(1698, 44, 54, 216, '2018-08-13 01:14:11', '2018-08-13 01:19:12'),
(1699, 44, 80, 150, '2018-08-13 01:14:11', '2018-08-13 01:19:12'),
(1700, 44, 113, 110, '2018-08-13 01:14:11', '2018-08-13 01:19:12'),
(1701, 44, 125, 180, '2018-08-13 01:14:11', '2018-08-13 01:19:12'),
(1702, 44, 168, 20, '2018-08-13 01:14:11', '2018-08-13 01:19:12'),
(1703, 45, 46, 70, '2018-08-13 01:14:11', '2018-08-13 01:19:12'),
(1704, 45, 47, 240, '2018-08-13 01:14:11', '2018-08-13 01:19:12'),
(1705, 45, 48, 344, '2018-08-13 01:14:11', '2018-08-13 01:19:12'),
(1706, 45, 49, 16, '2018-08-13 01:14:11', '2018-08-13 01:19:12'),
(1707, 45, 50, 120, '2018-08-13 01:14:11', '2018-08-13 01:19:12'),
(1708, 45, 51, 440, '2018-08-13 01:14:11', '2018-08-13 01:19:12'),
(1709, 45, 54, 296, '2018-08-13 01:14:11', '2018-08-13 01:19:12'),
(1710, 45, 59, 664, '2018-08-13 01:14:11', '2018-08-13 01:19:12'),
(1711, 45, 94, 20, '2018-08-13 01:14:11', '2018-08-13 01:19:12'),
(1712, 45, 104, 160, '2018-08-13 01:14:11', '2018-08-13 01:19:12'),
(1713, 45, 113, 184, '2018-08-13 01:14:11', '2018-08-13 01:19:12'),
(1714, 45, 114, 276, '2018-08-13 01:14:11', '2018-08-13 01:19:12'),
(1715, 45, 119, 130, '2018-08-13 01:14:11', '2018-08-13 01:19:12'),
(1716, 45, 161, 70, '2018-08-13 01:14:11', '2018-08-13 01:19:12'),
(1717, 46, 47, 160, '2018-08-13 01:14:11', '2018-08-13 01:19:12'),
(1718, 46, 48, 368, '2018-08-13 01:14:11', '2018-08-13 01:19:12'),
(1719, 46, 49, 80, '2018-08-13 01:14:11', '2018-08-13 01:19:12'),
(1720, 46, 50, 152, '2018-08-13 01:14:11', '2018-08-13 01:19:12'),
(1721, 46, 51, 360, '2018-08-13 01:14:11', '2018-08-13 01:19:12'),
(1722, 46, 54, 328, '2018-08-13 01:14:11', '2018-08-13 01:19:12'),
(1723, 46, 80, 100, '2018-08-13 01:14:11', '2018-08-13 01:19:12'),
(1724, 46, 84, 130, '2018-08-13 01:14:11', '2018-08-13 01:19:12'),
(1725, 46, 86, 170, '2018-08-13 01:14:11', '2018-08-13 01:19:12'),
(1726, 46, 92, 110, '2018-08-13 01:14:11', '2018-08-13 01:19:12'),
(1727, 46, 94, 95, '2018-08-13 01:14:11', '2018-08-13 01:19:12'),
(1728, 46, 98, 26, '2018-08-13 01:14:11', '2018-08-13 01:19:12'),
(1729, 46, 100, 120, '2018-08-13 01:14:11', '2018-08-13 01:19:12'),
(1730, 46, 104, 200, '2018-08-13 01:14:11', '2018-08-13 01:19:12'),
(1731, 46, 113, 224, '2018-08-13 01:14:11', '2018-08-13 01:19:12'),
(1732, 46, 119, 80, '2018-08-13 01:14:11', '2018-08-13 01:19:12'),
(1733, 46, 155, 75, '2018-08-13 01:14:11', '2018-08-13 01:19:12'),
(1734, 47, 48, 104, '2018-08-13 01:14:11', '2018-08-13 01:19:12'),
(1735, 47, 49, 224, '2018-08-13 01:14:11', '2018-08-13 01:19:12'),
(1736, 47, 50, 136, '2018-08-13 01:14:11', '2018-08-13 01:19:12'),
(1737, 47, 51, 224, '2018-08-13 01:14:11', '2018-08-13 01:19:12'),
(1738, 47, 54, 56, '2018-08-13 01:14:11', '2018-08-13 01:19:12'),
(1739, 47, 59, 436, '2018-08-13 01:14:11', '2018-08-13 01:19:12'),
(1740, 47, 113, 40, '2018-08-13 01:14:11', '2018-08-13 01:19:12'),
(1741, 47, 116, 311, '2018-08-13 01:14:11', '2018-08-13 01:19:12'),
(1742, 48, 49, 336, '2018-08-13 01:14:11', '2018-08-13 01:19:12'),
(1743, 48, 50, 216, '2018-08-13 01:14:11', '2018-08-13 01:19:12'),
(1744, 48, 51, 140, '2018-08-13 01:14:11', '2018-08-13 01:19:12'),
(1745, 48, 54, 40, '2018-08-13 01:14:11', '2018-08-13 01:19:12'),
(1746, 48, 59, 349, '2018-08-13 01:14:11', '2018-08-13 01:19:12'),
(1747, 48, 113, 144, '2018-08-13 01:14:11', '2018-08-13 01:19:12'),
(1748, 49, 50, 152, '2018-08-13 01:14:11', '2018-08-13 01:19:12'),
(1749, 49, 51, 432, '2018-08-13 01:14:11', '2018-08-13 01:19:12'),
(1750, 49, 54, 288, '2018-08-13 01:14:11', '2018-08-13 01:19:12'),
(1751, 49, 59, 661, '2018-08-13 01:14:11', '2018-08-13 01:19:12'),
(1752, 49, 113, 224, '2018-08-13 01:14:11', '2018-08-13 01:19:12'),
(1753, 49, 114, 272, '2018-08-13 01:14:11', '2018-08-13 01:19:12'),
(1754, 50, 51, 344, '2018-08-13 01:14:11', '2018-08-13 01:19:12'),
(1755, 50, 54, 176, '2018-08-13 01:14:11', '2018-08-13 01:19:12'),
(1756, 50, 113, 72, '2018-08-13 01:14:11', '2018-08-13 01:19:12'),
(1757, 50, 171, 12, '2018-08-13 01:14:11', '2018-08-13 01:19:12'),
(1758, 51, 54, 176, '2018-08-13 01:14:11', '2018-08-13 01:19:12'),
(1759, 51, 55, 35, '2018-08-13 01:14:11', '2018-08-13 01:19:12'),
(1760, 51, 59, 223, '2018-08-13 01:14:11', '2018-08-13 01:19:12'),
(1761, 51, 71, 135, '2018-08-13 01:14:11', '2018-08-13 01:19:12'),
(1762, 51, 113, 272, '2018-08-13 01:14:11', '2018-08-13 01:19:12'),
(1763, 51, 114, 199, '2018-08-13 01:14:11', '2018-08-13 01:19:12'),
(1764, 51, 116, 157, '2018-08-13 01:14:11', '2018-08-13 01:19:12'),
(1765, 54, 82, 60, '2018-08-13 01:14:11', '2018-08-13 01:19:12'),
(1766, 54, 108, 24, '2018-08-13 01:14:11', '2018-08-13 01:19:12'),
(1767, 54, 109, 10, '2018-08-13 01:14:11', '2018-08-13 01:19:12'),
(1768, 55, 56, 196, '2018-08-13 01:14:11', '2018-08-13 01:19:12'),
(1769, 55, 57, 196, '2018-08-13 01:14:11', '2018-08-13 01:19:12'),
(1770, 55, 58, 271, '2018-08-13 01:14:11', '2018-08-13 01:19:12'),
(1771, 55, 59, 195, '2018-08-13 01:14:11', '2018-08-13 01:19:12'),
(1772, 55, 60, 212, '2018-08-13 01:14:11', '2018-08-13 01:19:12'),
(1773, 55, 61, 153, '2018-08-13 01:14:11', '2018-08-13 01:19:12'),
(1774, 55, 62, 207, '2018-08-13 01:14:11', '2018-08-13 01:19:12'),
(1775, 55, 63, 111, '2018-08-13 01:14:11', '2018-08-13 01:19:12'),
(1776, 55, 64, 27, '2018-08-13 01:14:11', '2018-08-13 01:19:12'),
(1777, 55, 65, 215, '2018-08-13 01:14:11', '2018-08-13 01:19:12'),
(1778, 55, 66, 348, '2018-08-13 01:14:11', '2018-08-13 01:19:12'),
(1779, 55, 67, 233, '2018-08-13 01:14:11', '2018-08-13 01:19:12'),
(1780, 55, 68, 259, '2018-08-13 01:14:11', '2018-08-13 01:19:12'),
(1781, 55, 69, 319, '2018-08-13 01:14:11', '2018-08-13 01:19:12'),
(1782, 55, 70, 138, '2018-08-13 01:14:11', '2018-08-13 01:19:12'),
(1783, 55, 71, 106, '2018-08-13 01:14:11', '2018-08-13 01:19:12'),
(1784, 55, 72, 53, '2018-08-13 01:14:11', '2018-08-13 01:19:12'),
(1785, 55, 73, 296, '2018-08-13 01:14:11', '2018-08-13 01:19:12'),
(1786, 55, 74, 120, '2018-08-13 01:14:11', '2018-08-13 01:19:12'),
(1787, 55, 75, 57, '2018-08-13 01:14:11', '2018-08-13 01:19:12'),
(1788, 55, 76, 25, '2018-08-13 01:14:11', '2018-08-13 01:19:12'),
(1789, 55, 82, 165, '2018-08-13 01:14:11', '2018-08-13 01:19:12'),
(1790, 55, 85, 200, '2018-08-13 01:14:11', '2018-08-13 01:19:12'),
(1791, 55, 87, 80, '2018-08-13 01:14:11', '2018-08-13 01:19:12'),
(1792, 55, 114, 170, '2018-08-13 01:14:11', '2018-08-13 01:19:12'),
(1793, 55, 116, 125, '2018-08-13 01:14:11', '2018-08-13 01:19:12'),
(1794, 56, 57, 285, '2018-08-13 01:14:11', '2018-08-13 01:19:12'),
(1795, 56, 58, 131, '2018-08-13 01:14:11', '2018-08-13 01:19:12'),
(1796, 56, 59, 378, '2018-08-13 01:14:11', '2018-08-13 01:19:12'),
(1797, 56, 60, 396, '2018-08-13 01:14:11', '2018-08-13 01:19:12'),
(1798, 56, 61, 50, '2018-08-13 01:14:11', '2018-08-13 01:19:12'),
(1799, 56, 62, 172, '2018-08-13 01:14:11', '2018-08-13 01:19:12'),
(1800, 56, 63, 295, '2018-08-13 01:14:11', '2018-08-13 01:19:12'),
(1801, 56, 64, 211, '2018-08-13 01:14:11', '2018-08-13 01:19:12'),
(1802, 56, 65, 190, '2018-08-13 01:14:11', '2018-08-13 01:19:12'),
(1803, 56, 66, 150, '2018-08-13 01:14:11', '2018-08-13 01:19:12'),
(1804, 56, 67, 60, '2018-08-13 01:14:11', '2018-08-13 01:19:12'),
(1805, 56, 68, 63, '2018-08-13 01:14:11', '2018-08-13 01:19:12'),
(1806, 56, 69, 228, '2018-08-13 01:14:11', '2018-08-13 01:19:12'),
(1807, 56, 70, 322, '2018-08-13 01:14:11', '2018-08-13 01:19:12'),
(1808, 56, 71, 240, '2018-08-13 01:14:11', '2018-08-13 01:19:12'),
(1809, 56, 72, 237, '2018-08-13 01:14:11', '2018-08-13 01:19:12'),
(1810, 56, 73, 167, '2018-08-13 01:14:11', '2018-08-13 01:19:12'),
(1811, 56, 88, 40, '2018-08-13 01:14:11', '2018-08-13 01:19:12'),
(1812, 56, 125, 80, '2018-08-13 01:14:11', '2018-08-13 01:19:12'),
(1813, 56, 157, 80, '2018-08-13 01:14:11', '2018-08-13 01:19:12'),
(1814, 57, 58, 211, '2018-08-13 01:14:11', '2018-08-13 01:19:12'),
(1815, 57, 59, 378, '2018-08-13 01:14:11', '2018-08-13 01:19:12'),
(1816, 57, 60, 396, '2018-08-13 01:14:11', '2018-08-13 01:19:12'),
(1817, 57, 62, 112, '2018-08-13 01:14:11', '2018-08-13 01:19:12'),
(1818, 57, 63, 295, '2018-08-13 01:14:11', '2018-08-13 01:19:12'),
(1819, 57, 64, 211, '2018-08-13 01:14:11', '2018-08-13 01:19:12'),
(1820, 57, 65, 159, '2018-08-13 01:14:11', '2018-08-13 01:19:12'),
(1821, 57, 66, 310, '2018-08-13 01:14:11', '2018-08-13 01:19:12'),
(1822, 57, 67, 328, '2018-08-13 01:14:11', '2018-08-13 01:19:12'),
(1823, 57, 68, 278, '2018-08-13 01:14:11', '2018-08-13 01:19:12'),
(1824, 57, 69, 122, '2018-08-13 01:14:11', '2018-08-13 01:19:12'),
(1825, 57, 70, 322, '2018-08-13 01:14:11', '2018-08-13 01:19:12'),
(1826, 57, 71, 138, '2018-08-13 01:14:11', '2018-08-13 01:19:12'),
(1827, 57, 72, 237, '2018-08-13 01:14:11', '2018-08-13 01:19:12'),
(1828, 57, 73, 179, '2018-08-13 01:14:11', '2018-08-13 01:19:12'),
(1829, 58, 59, 453, '2018-08-13 01:14:11', '2018-08-13 01:19:12'),
(1830, 58, 60, 471, '2018-08-13 01:14:11', '2018-08-13 01:19:12'),
(1831, 58, 62, 99, '2018-08-13 01:14:11', '2018-08-13 01:19:12'),
(1832, 58, 63, 350, '2018-08-13 01:14:11', '2018-08-13 01:19:12'),
(1833, 58, 64, 285, '2018-08-13 01:14:11', '2018-08-13 01:19:12'),
(1834, 58, 65, 79, '2018-08-13 01:14:11', '2018-08-13 01:19:12'),
(1835, 58, 66, 128, '2018-08-13 01:14:11', '2018-08-13 01:19:12'),
(1836, 58, 67, 157, '2018-08-13 01:14:11', '2018-08-13 01:19:12'),
(1837, 58, 68, 70, '2018-08-13 01:14:11', '2018-08-13 01:19:12'),
(1838, 58, 69, 109, '2018-08-13 01:14:11', '2018-08-13 01:19:12'),
(1839, 58, 70, 397, '2018-08-13 01:14:11', '2018-08-13 01:19:12'),
(1840, 58, 71, 313, '2018-08-13 01:14:11', '2018-08-13 01:19:12'),
(1841, 58, 72, 311, '2018-08-13 01:14:11', '2018-08-13 01:19:12'),
(1842, 58, 73, 36, '2018-08-13 01:14:11', '2018-08-13 01:19:12'),
(1843, 59, 60, 18, '2018-08-13 01:14:11', '2018-08-13 01:19:12'),
(1844, 59, 62, 350, '2018-08-13 01:14:11', '2018-08-13 01:19:12'),
(1845, 59, 63, 219, '2018-08-13 01:14:11', '2018-08-13 01:19:12'),
(1846, 59, 64, 167, '2018-08-13 01:14:11', '2018-08-13 01:19:12'),
(1847, 59, 65, 440, '2018-08-13 01:14:11', '2018-08-13 01:19:12'),
(1848, 59, 66, 529, '2018-08-13 01:14:11', '2018-08-13 01:19:12'),
(1849, 59, 67, 430, '2018-08-13 01:14:11', '2018-08-13 01:19:12'),
(1850, 59, 68, 441, '2018-08-13 01:14:11', '2018-08-13 01:19:12'),
(1851, 59, 69, 562, '2018-08-13 01:14:11', '2018-08-13 01:19:12'),
(1852, 59, 70, 246, '2018-08-13 01:14:11', '2018-08-13 01:19:12'),
(1853, 59, 71, 238, '2018-08-13 01:14:11', '2018-08-13 01:19:12'),
(1854, 59, 72, 149, '2018-08-13 01:14:11', '2018-08-13 01:19:12'),
(1855, 59, 73, 484, '2018-08-13 01:14:11', '2018-08-13 01:19:12'),
(1856, 59, 75, 232, '2018-08-13 01:14:11', '2018-08-13 01:19:12'),
(1857, 59, 113, 479, '2018-08-13 01:14:11', '2018-08-13 01:19:12'),
(1858, 59, 114, 376, '2018-08-13 01:14:11', '2018-08-13 01:19:12'),
(1859, 59, 115, 308, '2018-08-13 01:14:11', '2018-08-13 01:19:12'),
(1860, 59, 116, 256, '2018-08-13 01:14:11', '2018-08-13 01:19:12'),
(1861, 60, 62, 408, '2018-08-13 01:14:11', '2018-08-13 01:19:12'),
(1862, 60, 63, 237, '2018-08-13 01:14:11', '2018-08-13 01:19:12'),
(1863, 60, 64, 185, '2018-08-13 01:14:11', '2018-08-13 01:19:12'),
(1864, 60, 65, 460, '2018-08-13 01:14:11', '2018-08-13 01:19:12'),
(1865, 60, 66, 560, '2018-08-13 01:14:11', '2018-08-13 01:19:12'),
(1866, 60, 67, 441, '2018-08-13 01:14:11', '2018-08-13 01:19:12'),
(1867, 60, 68, 459, '2018-08-13 01:14:11', '2018-08-13 01:19:12'),
(1868, 60, 69, 580, '2018-08-13 01:14:11', '2018-08-13 01:19:12'),
(1869, 60, 70, 264, '2018-08-13 01:14:11', '2018-08-13 01:19:12'),
(1870, 60, 71, 256, '2018-08-13 01:14:11', '2018-08-13 01:19:12'),
(1871, 60, 72, 159, '2018-08-13 01:14:11', '2018-08-13 01:19:12'),
(1872, 60, 73, 502, '2018-08-13 01:14:11', '2018-08-13 01:19:12'),
(1873, 61, 62, 107, '2018-08-13 01:14:11', '2018-08-13 01:19:12'),
(1874, 61, 63, 265, '2018-08-13 01:14:11', '2018-08-13 01:19:12'),
(1875, 61, 64, 167, '2018-08-13 01:14:11', '2018-08-13 01:19:12'),
(1876, 61, 65, 210, '2018-08-13 01:14:11', '2018-08-13 01:19:12'),
(1877, 61, 66, 211, '2018-08-13 01:14:11', '2018-08-13 01:19:12'),
(1878, 61, 67, 105, '2018-08-13 01:14:11', '2018-08-13 01:19:12'),
(1879, 61, 68, 122, '2018-08-13 01:14:11', '2018-08-13 01:19:12'),
(1880, 61, 69, 279, '2018-08-13 01:14:11', '2018-08-13 01:19:12'),
(1881, 61, 70, 278, '2018-08-13 01:14:11', '2018-08-13 01:19:12'),
(1882, 61, 71, 196, '2018-08-13 01:14:11', '2018-08-13 01:19:12'),
(1883, 61, 72, 193, '2018-08-13 01:14:11', '2018-08-13 01:19:12'),
(1884, 61, 73, 198, '2018-08-13 01:14:11', '2018-08-13 01:19:12'),
(1885, 62, 63, 270, '2018-08-13 01:14:11', '2018-08-13 01:19:12'),
(1886, 62, 64, 170, '2018-08-13 01:14:11', '2018-08-13 01:19:12'),
(1887, 62, 65, 84, '2018-08-13 01:14:11', '2018-08-13 01:19:12'),
(1888, 62, 66, 207, '2018-08-13 01:14:11', '2018-08-13 01:19:12'),
(1889, 62, 67, 212, '2018-08-13 01:14:11', '2018-08-13 01:19:12'),
(1890, 62, 68, 211, '2018-08-13 01:14:11', '2018-08-13 01:19:12'),
(1891, 62, 69, 120, '2018-08-13 01:14:11', '2018-08-13 01:19:12'),
(1892, 62, 70, 334, '2018-08-13 01:14:11', '2018-08-13 01:19:12'),
(1893, 62, 71, 220, '2018-08-13 01:14:11', '2018-08-13 01:19:12'),
(1894, 62, 72, 248, '2018-08-13 01:14:11', '2018-08-13 01:19:12'),
(1895, 62, 73, 110, '2018-08-13 01:14:11', '2018-08-13 01:19:12'),
(1896, 63, 64, 84, '2018-08-13 01:14:11', '2018-08-13 01:19:12'),
(1897, 63, 65, 450, '2018-08-13 01:14:11', '2018-08-13 01:19:12'),
(1898, 63, 66, 460, '2018-08-13 01:14:11', '2018-08-13 01:19:12'),
(1899, 63, 67, 360, '2018-08-13 01:14:11', '2018-08-13 01:19:12'),
(1900, 63, 68, 357, '2018-08-13 01:14:11', '2018-08-13 01:19:12'),
(1901, 63, 69, 478, '2018-08-13 01:14:11', '2018-08-13 01:19:12'),
(1902, 63, 70, 27, '2018-08-13 01:14:11', '2018-08-13 01:19:12'),
(1903, 63, 71, 174, '2018-08-13 01:14:11', '2018-08-13 01:19:12'),
(1904, 63, 72, 77, '2018-08-13 01:14:11', '2018-08-13 01:19:12'),
(1905, 63, 73, 402, '2018-08-13 01:14:11', '2018-08-13 01:19:12'),
(1906, 64, 65, 358, '2018-08-13 01:14:11', '2018-08-13 01:19:12'),
(1907, 64, 66, 362, '2018-08-13 01:14:11', '2018-08-13 01:19:12'),
(1908, 64, 67, 256, '2018-08-13 01:14:11', '2018-08-13 01:19:12'),
(1909, 64, 68, 274, '2018-08-13 01:14:11', '2018-08-13 01:19:12'),
(1910, 64, 69, 394, '2018-08-13 01:14:11', '2018-08-13 01:19:12'),
(1911, 64, 70, 111, '2018-08-13 01:14:11', '2018-08-13 01:19:12'),
(1912, 64, 71, 109, '2018-08-13 01:14:11', '2018-08-13 01:19:12'),
(1913, 64, 72, 26, '2018-08-13 01:14:11', '2018-08-13 01:19:12'),
(1914, 64, 73, 319, '2018-08-13 01:14:11', '2018-08-13 01:19:12'),
(1915, 65, 66, 130, '2018-08-13 01:14:11', '2018-08-13 01:19:12'),
(1916, 65, 67, 222, '2018-08-13 01:14:11', '2018-08-13 01:19:12'),
(1917, 65, 68, 133, '2018-08-13 01:14:11', '2018-08-13 01:19:12'),
(1918, 65, 69, 36, '2018-08-13 01:14:11', '2018-08-13 01:19:12'),
(1919, 65, 70, 470, '2018-08-13 01:14:11', '2018-08-13 01:19:12'),
(1920, 65, 71, 261, '2018-08-13 01:14:11', '2018-08-13 01:19:12'),
(1921, 65, 72, 321, '2018-08-13 01:14:11', '2018-08-13 01:19:12'),
(1922, 65, 73, 36, '2018-08-13 01:14:11', '2018-08-13 01:19:12'),
(1923, 65, 92, 80, '2018-08-13 01:14:11', '2018-08-13 01:19:12'),
(1924, 66, 67, 195, '2018-08-13 01:14:11', '2018-08-13 01:19:12'),
(1925, 66, 68, 89, '2018-08-13 01:14:11', '2018-08-13 01:19:12'),
(1926, 66, 69, 168, '2018-08-13 01:14:11', '2018-08-13 01:19:12'),
(1927, 66, 70, 473, '2018-08-13 01:14:11', '2018-08-13 01:19:12'),
(1928, 66, 71, 383, '2018-08-13 01:14:11', '2018-08-13 01:19:12'),
(1929, 66, 72, 388, '2018-08-13 01:14:11', '2018-08-13 01:19:12'),
(1930, 66, 73, 97, '2018-08-13 01:14:11', '2018-08-13 01:19:12'),
(1931, 67, 68, 89, '2018-08-13 01:14:11', '2018-08-13 01:19:12'),
(1932, 67, 69, 259, '2018-08-13 01:14:11', '2018-08-13 01:19:12'),
(1933, 67, 70, 367, '2018-08-13 01:14:11', '2018-08-13 01:19:12'),
(1934, 67, 71, 285, '2018-08-13 01:14:11', '2018-08-13 01:19:12'),
(1935, 67, 72, 282, '2018-08-13 01:14:11', '2018-08-13 01:19:12'),
(1936, 67, 73, 190, '2018-08-13 01:14:11', '2018-08-13 01:19:12'),
(1937, 68, 69, 172, '2018-08-13 01:14:11', '2018-08-13 01:19:12'),
(1938, 68, 70, 385, '2018-08-13 01:14:11', '2018-08-13 01:19:12'),
(1939, 68, 71, 303, '2018-08-13 01:14:11', '2018-08-13 01:19:12'),
(1940, 68, 72, 299, '2018-08-13 01:14:11', '2018-08-13 01:19:12'),
(1941, 68, 73, 101, '2018-08-13 01:14:11', '2018-08-13 01:19:12'),
(1942, 68, 98, 64, '2018-08-13 01:14:11', '2018-08-13 01:19:12'),
(1943, 69, 70, 505, '2018-08-13 01:14:11', '2018-08-13 01:19:12'),
(1944, 69, 71, 264, '2018-08-13 01:14:11', '2018-08-13 01:19:12'),
(1945, 69, 72, 420, '2018-08-13 01:14:11', '2018-08-13 01:19:12'),
(1946, 69, 73, 71, '2018-08-13 01:14:11', '2018-08-13 01:19:12'),
(1947, 70, 71, 201, '2018-08-13 01:14:11', '2018-08-13 01:19:12'),
(1948, 70, 72, 105, '2018-08-13 01:14:11', '2018-08-13 01:19:12'),
(1949, 70, 73, 430, '2018-08-13 01:14:11', '2018-08-13 01:19:12'),
(1950, 71, 72, 97, '2018-08-13 01:14:11', '2018-08-13 01:19:12'),
(1951, 71, 73, 286, '2018-08-13 01:14:11', '2018-08-13 01:19:12'),
(1952, 71, 113, 335, '2018-08-13 01:14:11', '2018-08-13 01:19:12'),
(1953, 71, 114, 224, '2018-08-13 01:14:11', '2018-08-13 01:19:12'),
(1954, 71, 115, 146, '2018-08-13 01:14:11', '2018-08-13 01:19:12'),
(1955, 71, 116, 20, '2018-08-13 01:14:11', '2018-08-13 01:19:12'),
(1956, 71, 169, 45, '2018-08-13 01:14:11', '2018-08-13 01:19:12'),
(1957, 72, 73, 344, '2018-08-13 01:14:11', '2018-08-13 01:19:12'),
(1958, 73, 92, 30, '2018-08-13 01:14:11', '2018-08-13 01:19:12'),
(1959, 80, 119, 30, '2018-08-13 01:14:11', '2018-08-13 01:19:12'),
(1960, 82, 87, 125, '2018-08-13 01:14:11', '2018-08-13 01:19:12'),
(1961, 82, 133, 180, '2018-08-13 01:14:11', '2018-08-13 01:19:12'),
(1962, 86, 170, 10, '2018-08-13 01:14:11', '2018-08-13 01:19:12'),
(1963, 92, 94, 120, '2018-08-13 01:14:11', '2018-08-13 01:19:12'),
(1964, 92, 125, 105, '2018-08-13 01:14:11', '2018-08-13 01:19:12'),
(1965, 92, 127, 85, '2018-08-13 01:14:11', '2018-08-13 01:19:12'),
(1966, 92, 132, 50, '2018-08-13 01:14:11', '2018-08-13 01:19:12'),
(1967, 92, 150, 180, '2018-08-13 01:14:11', '2018-08-13 01:19:12'),
(1968, 93, 101, 88, '2018-08-13 01:14:11', '2018-08-13 01:19:12'),
(1969, 93, 103, 40, '2018-08-13 01:14:11', '2018-08-13 01:19:12'),
(1970, 93, 132, 56, '2018-08-13 01:14:11', '2018-08-13 01:19:12'),
(1971, 94, 136, 260, '2018-08-13 01:14:11', '2018-08-13 01:19:12'),
(1972, 94, 155, 144, '2018-08-13 01:14:11', '2018-08-13 01:19:12'),
(1973, 94, 161, 45, '2018-08-13 01:14:11', '2018-08-13 01:19:12'),
(1974, 98, 155, 92, '2018-08-13 01:14:11', '2018-08-13 01:19:12'),
(1975, 98, 157, 197, '2018-08-13 01:14:11', '2018-08-13 01:19:12'),
(1976, 100, 104, 170, '2018-08-13 01:14:11', '2018-08-13 01:19:12'),
(1977, 100, 125, 85, '2018-08-13 01:14:11', '2018-08-13 01:19:12'),
(1978, 100, 153, 40, '2018-08-13 01:14:11', '2018-08-13 01:19:12'),
(1979, 101, 102, 10, '2018-08-13 01:14:11', '2018-08-13 01:19:12'),
(1980, 101, 103, 45, '2018-08-13 01:14:11', '2018-08-13 01:19:12'),
(1981, 102, 140, 21, '2018-08-13 01:14:11', '2018-08-13 01:19:12'),
(1982, 113, 116, 354, '2018-08-13 01:14:11', '2018-08-13 01:19:12'),
(1983, 114, 115, 141, '2018-08-13 01:14:11', '2018-08-13 01:19:12'),
(1984, 114, 116, 224, '2018-08-13 01:14:11', '2018-08-13 01:19:12'),
(1985, 120, 125, 25, '2018-08-13 01:14:11', '2018-08-13 01:19:12'),
(1986, 122, 151, 35, '2018-08-13 01:14:11', '2018-08-13 01:19:12'),
(1987, 125, 156, 40, '2018-08-13 01:14:11', '2018-08-13 01:19:12'),
(1988, 125, 157, 7, '2018-08-13 01:14:11', '2018-08-13 01:19:12'),
(1989, 125, 158, 35, '2018-08-13 01:14:11', '2018-08-13 01:19:12'),
(1990, 125, 159, 35, '2018-08-13 01:14:11', '2018-08-13 01:19:12'),
(1991, 125, 174, 120, '2018-08-13 01:14:11', '2018-08-13 01:19:12'),
(1992, 136, 161, 210, '2018-08-13 01:14:11', '2018-08-13 01:19:12'),
(1993, 136, 173, 165, '2018-08-13 01:14:11', '2018-08-13 01:19:12'),
(1994, 146, 166, 40, '2018-08-13 01:14:11', '2018-08-13 01:19:12'),
(1995, 146, 170, 10, '2018-08-13 01:14:11', '2018-08-13 01:19:12'),
(1996, 55, 176, 40, '2018-08-27 03:41:53', '2018-08-27 03:41:53'),
(1997, 4, 177, 8, '2018-09-18 05:36:32', '2018-09-18 05:36:32'),
(1998, 28, 175, 25, NULL, NULL);

--
-- Dumping data for table `districts`
--

INSERT INTO `districts` (`id`, `dist_name`, `code`, `country_id`, `created_at`, `updated_at`) VALUES
(1, 'Colombo', 'CMB', 1, '2018-11-13 05:17:47', '2018-11-13 05:17:47');

--
-- Dumping data for table `drivers`
--

INSERT INTO `drivers` (`id`, `driver_name`, `licence_no`, `driver_address`, `created_at`, `updated_at`) VALUES
(2, 'Chanaka Perera', 'B092647248', 'Matara', '2018-11-13 05:44:18', '2018-11-13 05:44:18');

--
-- Dumping data for table `driver_contacts`
--

INSERT INTO `driver_contacts` (`id`, `driver_id`, `type`, `contact`, `created_at`, `updated_at`) VALUES
(3, '2', 'Tel', '0773543647', NULL, NULL),
(4, '2', 'Email_A', 'chana@gmail.com', NULL, NULL);

--
-- Dumping data for table `exception_returns`
--

INSERT INTO `exception_returns` (`id`, `cur_url`, `error_des`, `remark`, `created_at`, `updated_at`) VALUES
(1, 'http://127.0.0.1:8000/tour/quotation/create', 'Trying to get property \'branch_code\' of non-object', 'Fit Quotation Error', '2018-11-15 13:01:47', '2018-11-15 13:01:47');

--
-- Dumping data for table `feedback`
--

INSERT INTO `feedback` (`id`, `fedb_type`, `fedb_des`, `imagePath`, `created_at`, `updated_at`) VALUES
(1, 2, 'asxccv', NULL, '2018-11-21 06:12:18', '2018-11-21 06:12:18'),
(2, 1, 'bnmjkk', 'Feedbacks/bHm0sC97JED5GfRdJKeiLxSq9AkExl6v6H2sWNQA.png', '2018-11-21 06:28:52', '2018-11-21 06:28:52'),
(3, 1, 'bnmjkkopl99999', 'Feedbacks/ARzpKqOUtXcx1krCR5NXngN57t3QSN6BGCbs1Pfo.png', '2018-11-21 06:41:54', '2018-11-21 06:41:54'),
(4, 2, 'This is Bug', NULL, '2018-11-21 06:54:54', '2018-11-21 06:54:54'),
(5, 2, 'This is general error', 'Feedbacks/TAdLRBP11ZFznKyYLVTpCovS05zqa9Dd7M1TydWV.png', '2018-11-21 07:10:49', '2018-11-21 07:10:49'),
(6, 2, 'asd345', 'Feedbacks/e0SDaqGiieDYcMQ0WDY1rkuqIJMgUzAxQRDLduNa.jpeg', '2018-11-21 07:40:07', '2018-11-21 07:40:07'),
(9, 2, 'asd345', 'Feedbacks/IkFaaHFD1VX1NWRFA0mtsZ3crxhgDp0yREPVEibQ.jpeg', '2018-11-21 07:47:21', '2018-11-21 07:47:21'),
(10, 2, 'asd345', 'Feedbacks/ScSPDT251odDOQbLbD1GhKyID9dXA6FAe0TczxcQ.jpeg', '2018-11-21 08:21:54', '2018-11-21 08:21:54'),
(11, 2, 'asd345', 'Feedbacks/A2Cf6jbBnEJJaxEAnhISSfZxl18CUXeOBUn49ui3.jpeg', '2018-11-21 08:22:11', '2018-11-21 08:22:11'),
(12, 1, 'Not working', 'Feedbacks/l4GdKsxUCrFp2bHBH6wNJZL4VL1JrFMiUd9BD68x.png', '2018-11-21 12:14:10', '2018-11-21 12:14:10'),
(13, 1, 'Not working 44545', 'Feedbacks/LjqazOLlJk4Rnku7eKiWMGY9T1RiWgdy9BzerYY9.png', '2018-11-21 12:19:30', '2018-11-21 12:19:30'),
(14, 1, 'aefdnv,fgrldbfd', 'Feedbacks/img/jHgZ58vHk1nADtpbqT0tJf5v8lfhc7YVg13jVLHx.png', '2018-11-21 13:10:02', '2018-11-21 13:10:02'),
(15, 2, 'sdvnds vfjvnrfdbfdb', 'Feedbacks/5Q3ZOgQQr9jUkZkdbaFKnldIWrxM8FxIesAgUQTr.png', '2018-11-21 13:16:18', '2018-11-21 13:16:18'),
(16, 1, 'Add Amalgamate quotation feature', NULL, '2018-11-23 07:25:11', '2018-11-23 07:25:11'),
(17, 2, 'fgh', 'Feedbacks/yGHWuXGQkXQrnuPWjEkAllde7MIAEZzGV9dWFbzX.jpeg', '2018-12-10 08:12:36', '2018-12-10 08:12:36');

--
-- Dumping data for table `guides`
--

INSERT INTO `guides` (`id`, `supplier_id`, `guide_type_id`, `guide_name`, `created_at`, `updated_at`) VALUES
(1, 1, 2, 'Sanath Dayasiri', '2018-11-13 05:32:32', '2018-12-10 07:47:53'),
(2, 2, 2, 'Chamara Weerasinghe', '2018-11-13 05:33:37', '2018-11-13 05:33:37');

--
-- Dumping data for table `guide_allocate_voucher_details`
--

INSERT INTO `guide_allocate_voucher_details` (`id`, `guide_allocate_voucher_header_id`, `guide_allocation_id`, `created_at`, `updated_at`) VALUES
(1, 1, 1, '2018-11-15 13:07:46', '2018-11-15 13:07:46'),
(2, 1, 2, '2018-11-15 13:07:46', '2018-11-15 13:07:46'),
(3, 2, 3, '2018-11-19 07:48:31', '2018-11-19 07:48:31'),
(4, 2, 4, '2018-11-19 07:48:31', '2018-11-19 07:48:31');

--
-- Dumping data for table `guide_allocate_voucher_headers`
--

INSERT INTO `guide_allocate_voucher_headers` (`id`, `guide_voucher_no`, `tour_quotation_header_id`, `tour_id`, `vpos`, `user_id`, `supplier_id`, `confirmed_date`, `confirmed_by_name`, `rates`, `remarks`, `status`, `created_at`, `updated_at`) VALUES
(1, 13, 2, 71, 1, 1, 1, '2018-11-15 00:00:00', 'Nipun Ishara', '5000', 'GoodGuide', 2, '2018-11-15 13:07:46', '2018-11-15 13:07:46'),
(2, 14, 4, 73, 1, 1, 1, '2018-11-19 00:00:00', 'Ashan Dias', '5000', 'asd', 2, '2018-11-19 07:48:31', '2018-11-19 07:48:31');

--
-- Dumping data for table `guide_allocations`
--

INSERT INTO `guide_allocations` (`id`, `tour_quot_guide_detail_id`, `supplier_id`, `status`, `created_at`, `updated_at`) VALUES
(1, 3, 1, 2, '2018-11-15 13:07:26', '2018-11-15 13:07:46'),
(2, 4, 1, 2, '2018-11-15 13:07:28', '2018-11-15 13:07:46'),
(3, 5, 1, 2, '2018-11-19 07:48:06', '2018-11-19 07:48:31'),
(4, 6, 1, 2, '2018-11-19 07:48:09', '2018-11-19 07:48:31');

--
-- Dumping data for table `guide_hotel_reserves`
--

INSERT INTO `guide_hotel_reserves` (`id`, `tour_quot_guide_detail_id`, `status`, `created_at`, `updated_at`) VALUES
(1, 3, 1, '2018-11-15 13:07:26', '2018-11-15 13:07:26'),
(2, 4, 1, '2018-11-15 13:07:28', '2018-11-15 13:07:28'),
(3, 5, 1, '2018-11-19 07:48:06', '2018-11-19 07:48:06'),
(4, 6, 1, '2018-11-19 07:48:09', '2018-11-19 07:48:09');

--
-- Dumping data for table `guide_languages`
--

INSERT INTO `guide_languages` (`id`, `guide_id`, `language_id`, `created_at`, `updated_at`) VALUES
(1, 1, 1, '2018-11-13 05:32:32', '2018-11-13 05:32:32'),
(2, 2, 3, '2018-11-13 05:33:37', '2018-11-13 05:33:37'),
(3, 2, 2, '2018-11-13 05:33:37', '2018-11-13 05:33:37');

--
-- Dumping data for table `guide_lanuage_rates`
--

INSERT INTO `guide_lanuage_rates` (`id`, `language_id`, `guide_type_id`, `rate`, `created_at`, `updated_at`) VALUES
(1, 1, 1, 2500, '2018-11-13 05:36:04', '2018-11-13 05:36:04'),
(2, 3, 2, 3500, '2018-11-13 05:36:16', '2018-11-13 05:36:16');

--
-- Dumping data for table `guide_rooms`
--

INSERT INTO `guide_rooms` (`id`, `supplier_id`, `guide_room_type_id`, `currency_id`, `amount`, `created_at`, `updated_at`) VALUES
(1, 3, 1, 1, 35, '2018-11-13 05:42:41', '2018-11-13 05:42:41'),
(2, 3, 2, 1, 25, '2018-11-13 05:42:53', '2018-11-13 05:42:53');

--
-- Dumping data for table `guide_room_types`
--

INSERT INTO `guide_room_types` (`id`, `gr_types`, `created_at`, `updated_at`) VALUES
(1, 'Class A', NULL, NULL),
(2, 'Class B', NULL, NULL);

--
-- Dumping data for table `guide_types`
--

INSERT INTO `guide_types` (`id`, `g_type`, `created_at`, `updated_at`) VALUES
(1, 'National', NULL, NULL),
(2, 'Chauffeur', NULL, NULL);

--
-- Dumping data for table `hotels`
--

INSERT INTO `hotels` (`id`, `supplier_id`, `hotel_type_id`, `desc`, `postal_code`, `hotel_group_id`, `star_rate`, `web_url`, `created_at`, `updated_at`) VALUES
(1, 3, 1, NULL, 10300, 2, 5, 'www.nwh.com', '2018-11-13 05:39:27', '2018-12-10 07:37:26');

--
-- Dumping data for table `hotel_groups`
--

INSERT INTO `hotel_groups` (`id`, `hotel_gp_name`, `group_code`, `created_at`, `updated_at`) VALUES
(1, 'Jet-Wing', 'JW', '2018-11-13 05:36:40', '2018-11-13 05:36:40'),
(2, 'Nilwala Group', 'NW', '2018-11-13 05:38:40', '2018-11-13 05:38:40');

--
-- Dumping data for table `hotel_packages`
--

INSERT INTO `hotel_packages` (`id`, `supplier_id`, `currency_id`, `market_id`, `agent_id`, `meal_plane_id`, `room_type_id`, `Package_name`, `extra_bed_charge`, `child_rate`, `SGL`, `DBL`, `TBL`, `QBL`, `from_date`, `to_date`, `ctr_term`, `status`, `created_at`, `updated_at`) VALUES
(1, 3, 1, 1, 1, 1, 1, 'Superior', 25, 50, 100, 200, 300, 400, '2018-01-01', '2019-02-02', 1, 1, '2018-11-13 05:42:08', '2018-11-13 05:42:08'),
(2, 3, 1, 1, 1, 1, 1, 'New', 0, 0, 100, 200, 300, 400, '2019-01-14', '2019-01-14', 0, 1, '2019-01-14 07:08:45', '2019-01-14 07:08:45');

--
-- Dumping data for table `hotel_star_rates`
--

INSERT INTO `hotel_star_rates` (`id`, `star_rate`, `created_at`, `updated_at`) VALUES
(1, 4, NULL, NULL),
(2, 5, NULL, NULL);

--
-- Dumping data for table `hotel_types`
--

INSERT INTO `hotel_types` (`id`, `type_name`, `created_at`, `updated_at`) VALUES
(1, 'Villa', NULL, NULL),
(2, 'Resort', NULL, NULL);

--
-- Dumping data for table `itinerays`
--

INSERT INTO `itinerays` (`id`, `route_code`, `dec`, `startin_tag`, `route_name`, `created_at`, `updated_at`) VALUES
(1, 'DS125', 'asdadasfasczc', '', '', '2018-08-26 00:38:30', '2018-08-26 00:38:30'),
(2, 'AIR01', 'Meet on arrival at the Bandaranayke International Airport by Flight SQ 468 –\n2355Hrs by On The Go Representative &amp; transfer to Colombo – Check in\nat {@hotelname} - Rest of the day at leisure – Overnight\nstay at Hotel.', 'ARRIVAL TRANSFER', 'AIR to Colombo', '2018-09-17 22:28:26', '2018-09-17 22:28:26'),
(3, 'CDG001', 'Breakfast at Hotel – Morning leave for Giritale – En route visit the Dambulla\nRock Temple - Climb up to the temple, which was donated by king Walagambahu\nin the 1 st century BC to Buddhist monks. Dambulla is a World Heritage site and is\nthe most impressiv', '', 'Colombo to Dambulla,Girithale', '2018-09-17 22:40:42', '2018-09-17 22:40:42'),
(4, 'GPMK01', 'Breakfast at hotel – Morning proceed on a sightseeing tour of Polonnaruwa -\nWhich was the 2 nd capital city of Sri Lanka, built in  the 11 th and 12 th centuries AD,\nand which is a world heritage site - Here you can see the ruins of the Royal\nPalace, the ', '', 'Girithale to Polonnaruwa,Matale,Kandy', '2018-09-17 22:46:46', '2018-09-17 22:46:46'),
(5, 'AT', 'ARRIVAL TRANSFER STAY AT COLOMBO HOTEL', NULL, 'ARRIVAL TRANSFER STAY AT CMB', '2018-09-18 06:44:31', '2018-09-18 06:44:31'),
(6, 'TST', 'asdadewqdsada', NULL, 'test itn', '2018-09-18 07:33:19', '2018-09-18 07:33:19');

--
-- Dumping data for table `itineray__locations`
--

INSERT INTO `itineray__locations` (`id`, `itineray_id`, `l_id`, `created_at`, `updated_at`) VALUES
(1, 1, 1, '2018-08-26 00:38:30', '2018-08-26 00:38:30'),
(2, 1, 3, '2018-08-26 00:38:30', '2018-08-26 00:38:30'),
(3, 2, 9, '2018-09-17 22:28:26', '2018-09-17 22:28:26'),
(4, 2, 4, '2018-09-17 22:28:26', '2018-09-17 22:28:26'),
(5, 3, 4, '2018-09-17 22:40:42', '2018-09-17 22:40:42'),
(6, 3, 19, '2018-09-17 22:40:42', '2018-09-17 22:40:42'),
(7, 3, 21, '2018-09-17 22:40:42', '2018-09-17 22:40:42'),
(8, 4, 21, '2018-09-17 22:46:46', '2018-09-17 22:46:46'),
(9, 4, 39, '2018-09-17 22:46:46', '2018-09-17 22:46:46'),
(10, 4, 33, '2018-09-17 22:46:46', '2018-09-17 22:46:46'),
(11, 4, 28, '2018-09-17 22:46:46', '2018-09-17 22:46:46'),
(12, 5, 177, '2018-09-18 06:44:31', '2018-09-18 06:44:31'),
(13, 5, 4, '2018-09-18 06:44:31', '2018-09-18 06:44:31'),
(14, 5, 9, '2018-09-18 06:44:31', '2018-09-18 06:44:31'),
(15, 5, 4, '2018-09-18 06:44:31', '2018-09-18 06:44:31'),
(16, 5, 177, '2018-09-18 06:44:31', '2018-09-18 06:44:31'),
(17, 6, 177, '2018-09-18 07:33:19', '2018-09-18 07:33:19'),
(18, 6, 4, '2018-09-18 07:33:19', '2018-09-18 07:33:19'),
(19, 6, 9, '2018-09-18 07:33:19', '2018-09-18 07:33:19'),
(20, 6, 1, '2018-09-18 07:33:19', '2018-09-18 07:33:19');

--
-- Dumping data for table `languages`
--

INSERT INTO `languages` (`id`, `lang_name`, `created_at`, `updated_at`) VALUES
(1, 'English', '2018-11-13 05:30:55', '2018-11-13 05:30:55'),
(2, 'Chineese', '2018-11-13 05:31:03', '2018-11-13 05:31:03'),
(3, 'German', '2018-11-13 05:31:11', '2018-11-13 05:31:11');

--
-- Dumping data for table `locations`
--

INSERT INTO `locations` (`id`, `country_id`, `district_id`, `location_name`, `location_code`, `long_name`, `geo_name`, `narration`, `short_des`, `status`, `ss`, `created_at`, `updated_at`) VALUES
(1, 1, 1, 'Negombo', 'NEG', NULL, NULL, NULL, NULL, 1, 0, '2018-08-13 01:14:11', '2018-08-13 01:19:12'),
(2, 1, 1, 'Nuwara Eliya', 'NUW', NULL, NULL, NULL, NULL, 1, 0, '2018-08-13 01:14:11', '2018-08-13 01:19:12'),
(3, 1, 1, 'Yala', 'YAL', NULL, NULL, NULL, NULL, 1, 0, '2018-08-13 01:14:11', '2018-08-13 01:19:12'),
(4, 1, 1, 'Colombo', 'CMB', NULL, NULL, NULL, NULL, 1, 0, '2018-08-13 01:14:11', '2018-08-13 01:19:12'),
(5, 1, 1, 'Galle', 'GAL', NULL, NULL, NULL, NULL, 1, 0, '2018-08-13 01:14:11', '2018-08-13 01:19:12'),
(6, 1, 1, 'Mirissa', 'MIRISSA', NULL, NULL, NULL, NULL, 1, 0, '2018-08-13 01:14:11', '2018-08-13 01:19:12'),
(7, 1, 1, 'Ambalangoda', 'AMB', NULL, NULL, NULL, NULL, 1, 0, '2018-08-13 01:14:11', '2018-08-13 01:19:12'),
(8, 1, 1, 'Ambepussa', 'AMP', NULL, NULL, NULL, NULL, 1, 0, '2018-08-13 01:14:11', '2018-08-13 01:19:12'),
(9, 1, 1, 'Airport', 'APT', NULL, NULL, NULL, NULL, 1, 0, '2018-08-13 01:14:11', '2018-08-13 01:19:12'),
(10, 1, 1, 'Aukana', 'AUK', NULL, NULL, NULL, NULL, 1, 0, '2018-08-13 01:14:11', '2018-08-13 01:19:12'),
(11, 1, 1, 'Badulla', 'BAD', NULL, NULL, NULL, NULL, 1, 0, '2018-08-13 01:14:11', '2018-08-13 01:19:12'),
(12, 1, 1, 'Balapitiya', 'BALAPITIYA', NULL, NULL, NULL, NULL, 1, 0, '2018-08-13 01:14:11', '2018-08-13 01:19:12'),
(13, 1, 1, 'Bandarawela', 'BAN', NULL, NULL, NULL, NULL, 1, 0, '2018-08-13 01:14:11', '2018-08-13 01:19:12'),
(14, 1, 1, 'Belihuloya', 'BEL', NULL, NULL, NULL, NULL, 1, 0, '2018-08-13 01:14:11', '2018-08-13 01:19:12'),
(15, 1, 1, 'Bentota', 'BEN', NULL, NULL, NULL, NULL, 1, 0, '2018-08-13 01:14:11', '2018-08-13 01:19:12'),
(16, 1, 1, 'Beruwala', 'BER', NULL, NULL, NULL, NULL, 1, 0, '2018-08-13 01:14:11', '2018-08-13 01:19:12'),
(17, 1, 1, 'Buduruwagala', 'BUD', NULL, NULL, NULL, NULL, 1, 0, '2018-08-13 01:14:11', '2018-08-13 01:19:12'),
(18, 1, 1, 'Bundala', 'BUN', NULL, NULL, NULL, NULL, 1, 0, '2018-08-13 01:14:11', '2018-08-13 01:19:12'),
(19, 1, 1, 'Dambulla', 'DAM', NULL, NULL, NULL, NULL, 1, 0, '2018-08-13 01:14:11', '2018-08-13 01:19:12'),
(20, 1, 1, 'Elkaduwa', 'ELK', NULL, NULL, NULL, NULL, 1, 0, '2018-08-13 01:14:11', '2018-08-13 01:19:12'),
(21, 1, 1, 'Giritale', 'GIR', NULL, NULL, NULL, NULL, 1, 0, '2018-08-13 01:14:11', '2018-08-13 01:19:12'),
(22, 1, 1, 'Habarana', 'HAB', NULL, NULL, NULL, NULL, 1, 0, '2018-08-13 01:14:11', '2018-08-13 01:19:12'),
(23, 1, 1, 'Hambantota', 'HAM', NULL, NULL, NULL, NULL, 1, 0, '2018-08-13 01:14:11', '2018-08-13 01:19:12'),
(24, 1, 1, 'Hikkaduwa', 'HIK', NULL, NULL, NULL, NULL, 1, 0, '2018-08-13 01:14:11', '2018-08-13 01:19:12'),
(25, 1, 1, 'Induruwa', 'INDURUWA', NULL, NULL, NULL, NULL, 1, 0, '2018-08-13 01:14:11', '2018-08-13 01:19:12'),
(26, 1, 1, 'Kandalama', 'KAD', NULL, NULL, NULL, NULL, 1, 0, '2018-08-13 01:14:11', '2018-08-13 01:19:12'),
(27, 1, 1, 'Kalutara', 'KAL', NULL, NULL, NULL, NULL, 1, 0, '2018-08-13 01:14:11', '2018-08-13 01:19:12'),
(28, 1, 1, 'Kandy', 'KAN', NULL, NULL, NULL, NULL, 1, 0, '2018-08-13 01:14:11', '2018-08-13 01:19:12'),
(29, 1, 1, 'Kitulgala', 'KITULGALA', NULL, NULL, NULL, NULL, 1, 0, '2018-08-13 01:14:11', '2018-08-13 01:19:12'),
(30, 1, 1, 'Koggala', 'KOG', NULL, NULL, NULL, NULL, 1, 0, '2018-08-13 01:14:11', '2018-08-13 01:19:12'),
(31, 1, 1, 'Kosgoda', 'KOS', NULL, NULL, NULL, NULL, 1, 0, '2018-08-13 01:14:11', '2018-08-13 01:19:12'),
(32, 1, 1, 'Kurunegala', 'KUR', NULL, NULL, NULL, NULL, 1, 0, '2018-08-13 01:14:11', '2018-08-13 01:19:12'),
(33, 1, 1, 'Matale', 'MAT', NULL, NULL, NULL, NULL, 1, 0, '2018-08-13 01:14:11', '2018-08-13 01:19:12'),
(34, 1, 1, 'Matara', 'MATARA', NULL, NULL, NULL, NULL, 1, 0, '2018-08-13 01:14:11', '2018-08-13 01:19:12'),
(35, 1, 1, 'Mihintale', 'MIH', NULL, NULL, NULL, NULL, 1, 0, '2018-08-13 01:14:11', '2018-08-13 01:19:12'),
(36, 1, 1, 'Mount Lavinia', 'MTL', NULL, NULL, NULL, NULL, 1, 0, '2018-08-13 01:14:11', '2018-08-13 01:19:12'),
(37, 1, 1, 'Nalanda', 'NAL', NULL, NULL, NULL, NULL, 1, 0, '2018-08-13 01:14:11', '2018-08-13 01:19:12'),
(38, 1, 1, 'Pinnawala', 'PIN', NULL, NULL, NULL, NULL, 1, 0, '2018-08-13 01:14:11', '2018-08-13 01:19:12'),
(39, 1, 1, 'Polonnaruwa', 'POL', NULL, NULL, NULL, NULL, 1, 0, '2018-08-13 01:14:11', '2018-08-13 01:19:12'),
(40, 1, 1, 'Puttalam', 'PUT', NULL, NULL, NULL, NULL, 1, 0, '2018-08-13 01:14:11', '2018-08-13 01:19:12'),
(41, 1, 1, 'Ratnapura', 'RAT', NULL, NULL, NULL, NULL, 1, 0, '2018-08-13 01:14:11', '2018-08-13 01:19:12'),
(42, 1, 1, 'Seeduwa', 'SEEDUWA', NULL, NULL, NULL, NULL, 1, 0, '2018-08-13 01:14:11', '2018-08-13 01:19:12'),
(43, 1, 1, 'Sigiriya', 'SIG', NULL, NULL, NULL, NULL, 1, 0, '2018-08-13 01:14:11', '2018-08-13 01:19:12'),
(44, 1, 1, 'Tangalle', 'TANGALLE', NULL, NULL, NULL, NULL, 1, 0, '2018-08-13 01:14:11', '2018-08-13 01:19:12'),
(45, 1, 1, 'Tissamaharama', 'TIS', NULL, NULL, NULL, NULL, 1, 0, '2018-08-13 01:14:11', '2018-08-13 01:19:12'),
(46, 1, 1, 'Udawalawe', 'UDA', NULL, NULL, NULL, NULL, 1, 0, '2018-08-13 01:14:11', '2018-08-13 01:19:12'),
(47, 1, 1, 'Wadduwa', 'WAD', NULL, NULL, NULL, NULL, 1, 0, '2018-08-13 01:14:11', '2018-08-13 01:19:12'),
(48, 1, 1, 'Waikkal', 'WAI', NULL, NULL, NULL, NULL, 1, 0, '2018-08-13 01:14:11', '2018-08-13 01:19:12'),
(49, 1, 1, 'Weerawila', 'WEERAWILA', NULL, NULL, NULL, NULL, 1, 0, '2018-08-13 01:14:11', '2018-08-13 01:19:12'),
(50, 1, 1, 'Weligama', 'WELIGAMA', NULL, NULL, NULL, NULL, 1, 0, '2018-08-13 01:14:11', '2018-08-13 01:19:12'),
(51, 1, 1, 'Wilpattu', 'WIL', NULL, NULL, NULL, NULL, 1, 0, '2018-08-13 01:14:11', '2018-08-13 01:19:12'),
(52, 1, 1, 'Aligala Caves', 'ALI', NULL, NULL, NULL, NULL, 1, 0, '2018-08-13 01:14:11', '2018-08-13 01:19:12'),
(53, 1, 1, 'Aluvihare', 'ALU', NULL, NULL, NULL, NULL, 1, 0, '2018-08-13 01:14:11', '2018-08-13 01:19:12'),
(54, 1, 1, 'Hendala', 'HENDALA', NULL, NULL, NULL, NULL, 1, 0, '2018-08-13 01:14:11', '2018-08-13 01:19:12'),
(55, 1, 1, 'Anuradhapura', 'ANU', NULL, NULL, NULL, NULL, 1, 0, '2018-08-13 01:14:11', '2018-08-13 01:19:12'),
(56, 1, 1, 'Avissawella', 'AVI', NULL, NULL, NULL, NULL, 1, 0, '2018-08-13 01:14:11', '2018-08-13 01:19:12'),
(57, 1, 1, 'Battic0loa', 'BAT', NULL, NULL, NULL, NULL, 1, 0, '2018-08-13 01:14:11', '2018-08-13 01:19:12'),
(58, 1, 1, 'Beragala', 'BERAGALA', NULL, NULL, NULL, NULL, 1, 0, '2018-08-13 01:14:11', '2018-08-13 01:19:12'),
(59, 1, 1, 'Jaffna', 'JAF', NULL, NULL, NULL, NULL, 1, 0, '2018-08-13 01:14:11', '2018-08-13 01:19:12'),
(60, 1, 1, 'Kankasanturai', 'KANKASAN', NULL, NULL, NULL, NULL, 1, 0, '2018-08-13 01:14:11', '2018-08-13 01:19:12'),
(61, 1, 1, 'Kegalle', 'KEG', NULL, NULL, NULL, NULL, 1, 0, '2018-08-13 01:14:11', '2018-08-13 01:19:12'),
(62, 1, 1, 'Mahiyangana', 'MAH', NULL, NULL, NULL, NULL, 1, 0, '2018-08-13 01:14:11', '2018-08-13 01:19:12'),
(63, 1, 1, 'Mannar', 'MANNAR', NULL, NULL, NULL, NULL, 1, 0, '2018-08-13 01:14:11', '2018-08-13 01:19:12'),
(64, 1, 1, 'Medawachchiya', 'MEDAWACH', NULL, NULL, NULL, NULL, 1, 0, '2018-08-13 01:14:11', '2018-08-13 01:19:12'),
(65, 1, 1, 'Monaragala', 'MON', NULL, NULL, NULL, NULL, 1, 0, '2018-08-13 01:14:11', '2018-08-13 01:19:12'),
(66, 1, 1, 'Nonagama', 'NON', NULL, NULL, NULL, NULL, 1, 0, '2018-08-13 01:14:11', '2018-08-13 01:19:12'),
(67, 1, 1, 'Panadura', 'PANADURA', NULL, NULL, NULL, NULL, 1, 0, '2018-08-13 01:14:11', '2018-08-13 01:19:12'),
(68, 1, 1, 'Pelmadulla', 'PELMADULLA', NULL, NULL, NULL, NULL, 1, 0, '2018-08-13 01:14:11', '2018-08-13 01:19:12'),
(69, 1, 1, 'Siyambalanduwa', 'SIY', NULL, NULL, NULL, NULL, 1, 0, '2018-08-13 01:14:11', '2018-08-13 01:19:12'),
(70, 1, 1, 'Talaimannar', 'TAL', NULL, NULL, NULL, NULL, 1, 0, '2018-08-13 01:14:11', '2018-08-13 01:19:12'),
(71, 1, 1, 'Trincomalee', 'TRI', NULL, NULL, NULL, NULL, 1, 0, '2018-08-13 01:14:11', '2018-08-13 01:19:12'),
(72, 1, 1, 'Vavuniya', 'VAV', NULL, NULL, NULL, NULL, 1, 0, '2018-08-13 01:14:11', '2018-08-13 01:19:12'),
(73, 1, 1, 'Wellawaya', 'WELLAWAYA', NULL, NULL, NULL, NULL, 1, 0, '2018-08-13 01:14:11', '2018-08-13 01:19:12'),
(74, 1, 1, 'Kalpitiya', 'KALPITIYA', NULL, NULL, NULL, NULL, 1, 0, '2018-08-13 01:14:11', '2018-08-13 01:19:12'),
(75, 1, 1, 'Ritigala', 'RIT', NULL, NULL, NULL, NULL, 1, 0, '2018-08-13 01:14:11', '2018-08-13 01:19:12'),
(76, 1, 1, 'Ulagalla Hotel', 'UGL-H', NULL, NULL, NULL, NULL, 1, 0, '2018-08-13 01:14:11', '2018-08-13 01:19:12'),
(77, 1, 1, 'Dehiwala', 'DEH', NULL, NULL, NULL, NULL, 1, 0, '2018-08-13 01:14:11', '2018-08-13 01:19:12'),
(80, 1, 1, 'Kalawana', 'KALAWANA', NULL, NULL, NULL, NULL, 1, 0, '2018-08-13 01:14:11', '2018-08-13 01:19:12'),
(81, 1, 1, 'Kotugoda', 'KOTUGODA', NULL, NULL, NULL, NULL, 1, 0, '2018-08-13 01:14:11', '2018-08-13 01:19:12'),
(82, 1, 1, 'Marawila', 'MARAWILA', NULL, NULL, NULL, NULL, 1, 0, '2018-08-13 01:14:11', '2018-08-13 01:19:12'),
(83, 1, 1, 'Thulhiriya', 'THUL', NULL, NULL, NULL, NULL, 1, 0, '2018-08-13 01:14:11', '2018-08-13 01:19:12'),
(84, 1, 1, 'Unawatuna', 'UNA', NULL, NULL, NULL, NULL, 1, 0, '2018-08-13 01:14:11', '2018-08-13 01:19:12'),
(85, 1, 1, 'Veyangoda', 'VYG', NULL, NULL, NULL, NULL, 1, 0, '2018-08-13 01:14:11', '2018-08-13 01:19:12'),
(86, 1, 1, 'Wattala', 'WTL', NULL, NULL, NULL, NULL, 1, 0, '2018-08-13 01:14:11', '2018-08-13 01:19:12'),
(87, 1, 1, 'Yapahuwa', 'YAPAHUWA', NULL, NULL, NULL, NULL, 1, 0, '2018-08-13 01:14:11', '2018-08-13 01:19:12'),
(88, 1, 1, 'Kottawa', 'KTW', NULL, NULL, NULL, NULL, 1, 0, '2018-08-13 01:14:11', '2018-08-13 01:19:12'),
(89, 1, 1, 'Bambarakanda Falls', 'BAM', NULL, NULL, NULL, NULL, 1, 0, '2018-08-13 01:14:11', '2018-08-13 01:19:12'),
(92, 1, 1, 'Ella', 'ELLA', NULL, NULL, NULL, NULL, 1, 0, '2018-08-13 01:14:11', '2018-08-13 01:19:12'),
(93, 1, 1, 'Kandapola', 'KANDAPOLA', NULL, NULL, NULL, NULL, 1, 0, '2018-08-13 01:14:11', '2018-08-13 01:19:12'),
(94, 1, 1, 'Kataragama', 'KATARAGAMA', NULL, NULL, NULL, NULL, 1, 0, '2018-08-13 01:14:11', '2018-08-13 01:19:12'),
(95, 1, 1, 'Tanamalwila', 'TMW', NULL, NULL, NULL, NULL, 1, 0, '2018-08-13 01:14:11', '2018-08-13 01:19:12'),
(96, 1, 1, 'Baddegama', 'BDD', NULL, NULL, NULL, NULL, 1, 0, '2018-08-13 01:14:11', '2018-08-13 01:19:12'),
(98, 1, 1, 'Embilipitiya', 'EMB', NULL, NULL, NULL, NULL, 1, 0, '2018-08-13 01:14:11', '2018-08-13 01:19:12'),
(99, 1, 1, 'Hakgala', 'HAK', NULL, NULL, NULL, NULL, 1, 0, '2018-08-13 01:14:11', '2018-08-13 01:19:12'),
(100, 1, 1, 'Haputale', 'HAPUTALE', NULL, NULL, NULL, NULL, 1, 0, '2018-08-13 01:14:11', '2018-08-13 01:19:12'),
(101, 1, 1, 'Peradeniya', 'PER', NULL, NULL, NULL, NULL, 1, 0, '2018-08-13 01:14:11', '2018-08-13 01:19:12'),
(102, 1, 1, 'Giragama', 'GTF', NULL, NULL, NULL, NULL, 1, 0, '2018-08-13 01:14:11', '2018-08-13 01:19:12'),
(103, 1, 1, 'Tea Plantation', 'TEA', NULL, NULL, NULL, NULL, 1, 0, '2018-08-13 01:14:11', '2018-08-13 01:19:12'),
(104, 1, 1, 'Arugam Bay', 'ARUGAM BAY', NULL, NULL, NULL, NULL, 1, 0, '2018-08-13 01:14:11', '2018-08-13 01:19:12'),
(105, 1, 1, 'Wasgamuwa', 'WAS', NULL, NULL, NULL, NULL, 1, 0, '2018-08-13 01:14:11', '2018-08-13 01:19:12'),
(106, 1, 1, 'Minneriya', 'MIN', NULL, NULL, NULL, NULL, 1, 0, '2018-08-13 01:14:11', '2018-08-13 01:19:12'),
(107, 1, 1, 'Sasseruwa', 'SAS', NULL, NULL, NULL, NULL, 1, 0, '2018-08-13 01:14:11', '2018-08-13 01:19:12'),
(108, 1, 1, 'Katunayake', 'KATU', NULL, NULL, NULL, NULL, 1, 0, '2018-08-13 01:14:11', '2018-08-13 01:19:12'),
(109, 1, 1, 'Kelaniya', 'KEL', NULL, NULL, NULL, NULL, 1, 0, '2018-08-13 01:14:11', '2018-08-13 01:19:12'),
(110, 1, 1, 'Elpitiya', 'ELPITIYA', NULL, NULL, NULL, NULL, 1, 0, '2018-08-13 01:14:11', '2018-08-13 01:19:12'),
(111, 1, 1, 'Kassapa.L.R', 'KLR', NULL, NULL, NULL, NULL, 1, 0, '2018-08-13 01:14:11', '2018-08-13 01:19:12'),
(112, 1, 1, 'Knuckles', 'KNU', NULL, NULL, NULL, NULL, 1, 0, '2018-08-13 01:14:11', '2018-08-13 01:19:12'),
(113, 1, 1, 'Ahungalla', 'AHU', NULL, NULL, NULL, NULL, 1, 0, '2018-08-13 01:14:11', '2018-08-13 01:19:12'),
(114, 1, 1, 'Kalkuda', 'KALKUDA', NULL, NULL, NULL, NULL, 1, 0, '2018-08-13 01:14:11', '2018-08-13 01:19:12'),
(115, 1, 1, 'Medirigiriya', 'MED', NULL, NULL, NULL, NULL, 1, 0, '2018-08-13 01:14:11', '2018-08-13 01:19:12'),
(116, 1, 1, 'Nilaveli', 'NILAVELI', NULL, NULL, NULL, NULL, 1, 0, '2018-08-13 01:14:11', '2018-08-13 01:19:12'),
(117, 1, 1, 'Aluthgama', 'ALUT', NULL, NULL, NULL, NULL, 1, 0, '2018-08-13 01:14:11', '2018-08-13 01:19:12'),
(118, 1, 1, 'Matugama', 'MATUGAMA', NULL, NULL, NULL, NULL, 1, 0, '2018-08-13 01:14:11', '2018-08-13 01:19:12'),
(119, 1, 1, 'Sinharaja', 'SIN', NULL, NULL, NULL, NULL, 1, 0, '2018-08-13 01:14:11', '2018-08-13 01:19:12'),
(120, 1, 1, 'Bogawantalawa', 'BOGAWAN', NULL, NULL, NULL, NULL, 1, 0, '2018-08-13 01:14:11', '2018-08-13 01:19:12'),
(121, 1, 1, 'Digana', 'DIG', NULL, NULL, NULL, NULL, 1, 0, '2018-08-13 01:14:11', '2018-08-13 01:19:12'),
(122, 1, 1, 'Embekke', 'EMK', NULL, NULL, NULL, NULL, 1, 0, '2018-08-13 01:14:11', '2018-08-13 01:19:12'),
(123, 1, 1, 'Gadaladeniya', 'GAD', NULL, NULL, NULL, NULL, 1, 0, '2018-08-13 01:14:11', '2018-08-13 01:19:12'),
(124, 1, 1, 'Gampola', 'GMP', NULL, NULL, NULL, NULL, 1, 0, '2018-08-13 01:14:11', '2018-08-13 01:19:12'),
(125, 1, 1, 'Hatton', 'HAT', NULL, NULL, NULL, NULL, 1, 0, '2018-08-13 01:14:11', '2018-08-13 01:19:12'),
(126, 1, 1, 'Kandy House', 'KDY-H', NULL, NULL, NULL, NULL, 1, 0, '2018-08-13 01:14:11', '2018-08-13 01:19:12'),
(127, 1, 1, 'Nanu Oya', 'NOY', NULL, NULL, NULL, NULL, 1, 0, '2018-08-13 01:14:11', '2018-08-13 01:19:12'),
(128, 1, 1, 'Polgolla Res', 'PLG', NULL, NULL, NULL, NULL, 1, 0, '2018-08-13 01:14:11', '2018-08-13 01:19:12'),
(129, 1, 1, 'Theva.R', 'THR', NULL, NULL, NULL, NULL, 1, 0, '2018-08-13 01:14:11', '2018-08-13 01:19:12'),
(130, 1, 1, 'Udawattakele', 'UWK', NULL, NULL, NULL, NULL, 1, 0, '2018-08-13 01:14:11', '2018-08-13 01:19:12'),
(131, 1, 1, 'Kaudulla', 'KAUDULLA', NULL, NULL, NULL, NULL, 1, 0, '2018-08-13 01:14:11', '2018-08-13 01:19:12'),
(132, 1, 1, 'Horton Plains', 'HOR', NULL, NULL, NULL, NULL, 1, 0, '2018-08-13 01:14:11', '2018-08-13 01:19:12'),
(133, 1, 1, 'Kandy Perahera', 'KANDY PERA', NULL, NULL, NULL, NULL, 1, 0, '2018-08-13 01:14:11', '2018-08-13 01:19:12'),
(134, 1, 1, 'Vehicle Provided For Up To 80', 'STD', NULL, NULL, NULL, NULL, 1, 0, '2018-08-13 01:14:11', '2018-08-13 01:19:12'),
(135, 1, 1, 'Ahangama', 'AHA', NULL, NULL, NULL, NULL, 1, 0, '2018-08-13 01:14:11', '2018-08-13 01:19:12'),
(136, 1, 1, 'Pasikauda', 'PASIKUDA', NULL, NULL, NULL, NULL, 1, 0, '2018-08-13 01:14:11', '2018-08-13 01:19:12'),
(137, 1, 1, 'Chillaw', 'CHIL', NULL, NULL, NULL, NULL, 1, 0, '2018-08-13 01:14:11', '2018-08-13 01:19:12'),
(139, 1, 1, 'Hanwella', 'HAN', NULL, NULL, NULL, NULL, 1, 0, '2018-08-13 01:14:11', '2018-08-13 01:19:12'),
(140, 1, 1, 'Mawanella', 'MAW', NULL, NULL, NULL, NULL, 1, 0, '2018-08-13 01:14:11', '2018-08-13 01:19:12'),
(141, 1, 1, 'Ozo Cmb', 'OZO-CMB', NULL, NULL, NULL, NULL, 1, 0, '2018-08-13 01:14:11', '2018-08-13 01:19:12'),
(142, 1, 1, 'Potuvil', 'POTUVIL', NULL, NULL, NULL, NULL, 1, 0, '2018-08-13 01:14:11', '2018-08-13 01:19:12'),
(143, 1, 1, 'Dambadeniya', 'DAB', NULL, NULL, NULL, NULL, 1, 0, '2018-08-13 01:14:11', '2018-08-13 01:19:12'),
(145, 1, 1, 'Paradise Resort', 'PRD', NULL, NULL, NULL, NULL, 1, 0, '2018-08-13 01:14:11', '2018-08-13 01:19:12'),
(146, 1, 1, 'Watawala', 'WAT', NULL, NULL, NULL, NULL, 1, 0, '2018-08-13 01:14:11', '2018-08-13 01:19:12'),
(147, 1, 1, 'Diyaluma', 'DIY', NULL, NULL, NULL, NULL, 1, 0, '2018-08-13 01:14:11', '2018-08-13 01:19:12'),
(148, 1, 1, 'Dunhinda', 'DUN', NULL, NULL, NULL, NULL, 1, 0, '2018-08-13 01:14:11', '2018-08-13 01:19:12'),
(149, 1, 1, 'Elephant Safari', 'EBS', NULL, NULL, NULL, NULL, 1, 0, '2018-08-13 01:14:11', '2018-08-13 01:19:12'),
(150, 1, 1, 'Talalla', 'TLL', NULL, NULL, NULL, NULL, 1, 0, '2018-08-13 01:14:11', '2018-08-13 01:19:12'),
(151, 1, 1, 'Lankatilake', 'LANKATILAK', NULL, NULL, NULL, NULL, 1, 0, '2018-08-13 01:14:11', '2018-08-13 01:19:12'),
(152, 1, 1, 'Thalpe', 'THALPE', NULL, NULL, NULL, NULL, 1, 0, '2018-08-13 01:14:11', '2018-08-13 01:19:12'),
(153, 1, 1, 'Diyatalawa', 'DIYA', NULL, NULL, NULL, NULL, 1, 0, '2018-08-13 01:14:11', '2018-08-13 01:19:12'),
(154, 1, 1, 'Kaudulla National Park', 'KAUD', NULL, NULL, NULL, NULL, 1, 0, '2018-08-13 01:14:11', '2018-08-13 01:19:12'),
(155, 1, 1, 'Dickwella', 'DICKWELLA', NULL, NULL, NULL, NULL, 1, 0, '2018-08-13 01:14:11', '2018-08-13 01:19:12'),
(156, 1, 1, 'Adams Peak', 'ADA', NULL, NULL, NULL, NULL, 1, 0, '2018-08-13 01:14:11', '2018-08-13 01:19:12'),
(157, 1, 1, 'Dickoya', 'DIC', NULL, NULL, NULL, NULL, 1, 0, '2018-08-13 01:14:11', '2018-08-13 01:19:12'),
(158, 1, 1, 'Nattandiya', 'NAT', NULL, NULL, NULL, NULL, 1, 0, '2018-08-13 01:14:11', '2018-08-13 01:19:12'),
(159, 1, 1, 'Nallathanniya', 'NLT', NULL, NULL, NULL, NULL, 1, 0, '2018-08-13 01:14:11', '2018-08-13 01:19:12'),
(160, 1, 1, 'Amaya Hills', 'AMH', NULL, NULL, NULL, NULL, 1, 0, '2018-08-13 01:14:11', '2018-08-13 01:19:12'),
(161, 1, 1, 'Buttala', 'BUTTALA', NULL, NULL, NULL, NULL, 1, 0, '2018-08-13 01:14:11', '2018-08-13 01:19:12'),
(162, 1, 1, 'Maskeliya', 'MASKELIYA', NULL, NULL, NULL, NULL, 1, 0, '2018-08-13 01:14:11', '2018-08-13 01:19:12'),
(163, 1, 1, 'Meetiyagoda', 'MEETIYA', NULL, NULL, NULL, NULL, 1, 0, '2018-08-13 01:14:11', '2018-08-13 01:19:12'),
(164, 1, 1, 'Panduwasnuwara', 'PAN', NULL, NULL, NULL, NULL, 1, 0, '2018-08-13 01:14:11', '2018-08-13 01:19:12'),
(165, 1, 1, 'Ridigama', 'RID', NULL, NULL, NULL, NULL, 1, 0, '2018-08-13 01:14:11', '2018-08-13 01:19:12'),
(166, 1, 1, 'Muthurajawela', 'MUT', NULL, NULL, NULL, NULL, 1, 0, '2018-08-13 01:14:11', '2018-08-13 01:19:12'),
(168, 1, 1, 'Mulkirigala', 'MUL', NULL, NULL, NULL, NULL, 1, 0, '2018-08-13 01:14:11', '2018-08-13 01:19:12'),
(169, 1, 1, 'Seruwawila', 'SRW', NULL, NULL, NULL, NULL, 1, 0, '2018-08-13 01:14:11', '2018-08-13 01:19:12'),
(170, 1, 1, 'Pegasus.R', 'PEG', NULL, NULL, NULL, NULL, 1, 0, '2018-08-13 01:14:11', '2018-08-13 01:19:12'),
(171, 1, 1, 'Handunugoda', 'HNG', NULL, NULL, NULL, NULL, 1, 0, '2018-08-13 01:14:11', '2018-08-13 01:19:12'),
(172, 1, 1, 'White Water Rafting', 'WWR', NULL, NULL, NULL, NULL, 1, 0, '2018-08-13 01:14:11', '2018-08-13 01:19:12'),
(173, 1, 1, 'Gal Oya', 'GAL OYA', NULL, NULL, NULL, NULL, 1, 0, '2018-08-13 01:14:11', '2018-08-13 01:19:12'),
(174, 1, 1, 'Koslanda', 'KOSLANDA', NULL, NULL, NULL, NULL, 1, 0, '2018-08-13 01:14:11', '2018-08-13 01:19:12'),
(175, 1, 2, 'Kandy SS', 'KDDSS', 'Kandy Side Seen', NULL, 'asdwsda', 'asdwsdaws', 1, 1, '2018-08-26 01:41:07', '2018-08-26 01:41:07'),
(176, 1, 1, 'Anuradapura City Tour', 'ANUSS', NULL, NULL, NULL, NULL, 1, 1, '2018-08-27 03:41:53', '2018-08-27 03:41:53'),
(177, 1, 1, 'GARAGE', 'GAR', NULL, NULL, NULL, NULL, 1, 1, '2018-09-18 05:36:32', '2018-09-18 05:36:32');

--
-- Dumping data for table `markets`
--

INSERT INTO `markets` (`id`, `market_name`, `m_code`, `created_at`, `updated_at`) VALUES
(1, 'ALL-Market', 'ALM', '2018-11-13 05:18:51', '2018-11-13 05:18:51'),
(2, 'China-Market', 'CHN', '2018-11-13 05:19:09', '2018-11-13 05:19:09');

--
-- Dumping data for table `meal_planes`
--

INSERT INTO `meal_planes` (`id`, `meal_plane`, `created_at`, `updated_at`) VALUES
(1, 'AI', NULL, NULL),
(2, 'FB', NULL, NULL);

--
-- Dumping data for table `migrations`
--

INSERT INTO `migrations` (`id`, `migration`, `batch`) VALUES
(1, '2014_10_12_000000_create_users_table', 1),
(2, '2014_10_12_100000_create_password_resets_table', 1),
(3, '2018_07_23_065451_create_suppliers_table', 1),
(4, '2018_07_23_071739_create_country_table', 1),
(5, '2018_07_23_071833_create_guide_table', 1),
(6, '2018_07_23_074128_create_hotel_feature_table', 1),
(7, '2018_07_23_075352_create_optional_supliments_table', 1),
(8, '2018_07_23_075517_create_compulsory_supliments_table', 1),
(9, '2018_07_23_075719_create_currency_table', 1),
(10, '2018_07_23_075848_create_markets_table', 1),
(11, '2018_07_23_080054_create_countries_markets_table', 1),
(12, '2018_07_23_081306_create_districts_table', 1),
(13, '2018_07_23_081440_create_cities_table', 1),
(14, '2018_07_23_082254_create_supplier_multi_table', 1),
(15, '2018_07_23_082725_create_hotel_hotel_features_table', 1),
(16, '2018_07_23_083047_create_hotel_multi_table', 1),
(17, '2018_07_24_094223_create_hotel_table', 1),
(18, '2018_07_26_032532_create_hotel_types_table', 1),
(19, '2018_07_26_045457_create_sup_contact_details_table', 1),
(20, '2018_07_26_071607_create_hotel_groups_table', 1),
(21, '2018_07_27_082424_create_vehicle_types_table', 1),
(22, '2018_07_30_034438_create_vehicles_table', 1),
(23, '2018_07_30_125753_create_hotel_packages_table', 1),
(24, '2018_07_30_130003_create_room_type_table', 1),
(25, '2018_07_30_130153_create_meal_plane_table', 1),
(26, '2018_07_30_130231_create_period_table', 1),
(27, '2018_07_31_040547_create_package_periods_table', 1),
(28, '2018_07_31_042200_create_locations_table', 1),
(29, '2018_07_31_050434_create_package_period_types_table', 1),
(30, '2018_07_31_054621_create_distances_table', 1),
(31, '2018_07_31_110832_create_miscellanies_table', 1),
(32, '2018_07_31_110928_create_misc_types_table', 1),
(33, '2018_07_31_111214_create_misc_categories_table', 1),
(34, '2018_08_01_081343_create_guide_types_table', 1),
(35, '2018_08_01_113431_create_guests_table', 1),
(36, '2018_08_01_113729_create_guest_contacts_table', 1),
(37, '2018_08_02_062127_create_languages_table', 1),
(38, '2018_08_02_072548_create_agents_table', 1),
(39, '2018_08_02_073432_create_agent_contacts_table', 1),
(40, '2018_08_02_092805_create_drivers_table', 1),
(41, '2018_08_02_093627_create_driver_contacts_table', 1),
(42, '2018_08_02_104011_create_guide_languages_table', 1),
(43, '2018_08_03_064431_create_branches_table', 1),
(44, '2018_08_03_064628_create_companies_table', 1),
(45, '2018_08_03_092748_create_tour_quotation_headers_table', 1),
(46, '2018_08_03_102644_create_tour_quotation_suppliers_table', 1),
(47, '2018_08_03_113432_create_tour_quotation_hotels_table', 1),
(48, '2018_08_03_123345_create_tour_quotation_transports_table', 1),
(49, '2018_08_03_124557_create_tour_quotation_miscellaneouses_table', 1),
(50, '2018_08_03_131437_create_tr_datas_table', 1),
(51, '2018_08_04_123140_create_quotation_codes_table', 1),
(52, '2018_08_06_102433_create_tour_types_table', 1),
(53, '2018_08_08_051013_create_hotel_star_rates_table', 1),
(54, '2018_08_10_040512_create_tour_quot_locations_table', 1),
(55, '2018_08_10_050711_create_tour_quot_distances_table', 1),
(56, '2018_08_17_063606_create_tour_quotation_hotel_details_table', 1),
(57, '2018_08_20_080512_create_guide_room_types_table', 1),
(58, '2018_08_20_081007_create_guide_rooms_table', 1),
(59, '2018_08_20_124532_create_guide_lanuage_rates_table', 1),
(60, '2018_08_22_130933_create_currency_exchange_rates_table', 1),
(61, '2018_08_23_055957_create_itinerays_table', 1),
(62, '2018_08_23_093323_create_tour_quot_guides_table', 1),
(63, '2018_08_23_093429_create_tour_quot_guide_details_table', 1),
(64, '2018_08_24_101704_create_itineray__locations_table', 1),
(65, '2018_08_24_104923_create_user_types_table', 1),
(66, '2018_08_24_112255_create_user_privileges_table', 1),
(67, '2018_08_25_111933_create_tour_quot_transports_table', 1),
(68, '2018_08_26_142618_create_tour_quot_miscs_table', 1),
(69, '2018_08_27_071409_create_taxes_table', 1),
(70, '2018_08_28_061119_create_privilege_actions_table', 1),
(71, '2018_08_28_061223_create_privilege_sections_table', 1),
(72, '2018_08_28_061241_create_privilege_lists_table', 1),
(73, '2018_09_01_122505_create_rate_types_table', 1),
(74, '2018_09_01_152926_create_tour_qout_hotel_com_supliments_table', 1),
(75, '2018_09_01_152939_create_tour_qout_hotel_optm_supliments_table', 1),
(76, '2018_09_07_111723_create_transport_expenses_table', 1),
(77, '2018_09_10_054134_create_accmd_reservations_table', 1),
(78, '2018_09_10_080851_create_tour_quote_trp_exps_table', 1),
(79, '2018_09_12_104346_create_reservation_miscs_table', 1),
(80, '2018_09_12_114538_create_accmd_resevation_voucher_headers_table', 1),
(81, '2018_09_12_114723_create_accmd_resevation_voucher_details_table', 1),
(82, '2018_09_18_033600_create_misc_reserve_voucher_details_table', 1),
(83, '2018_09_18_033925_create_misc_reserve_voucher_headers_table', 1),
(84, '2018_09_18_092705_create_guest_allocations_table', 1),
(85, '2018_09_19_054145_create_transport_reserves_table', 1),
(86, '2018_09_19_093645_create_guide_allocations_table', 1),
(87, '2018_09_20_073507_create_mis_tour_adv_req_headers_table', 1),
(88, '2018_09_20_073529_create_mis_tour_adv_req_details_table', 1),
(89, '2018_09_20_113255_create_guide_allocate_voucher_headers_table', 1),
(90, '2018_09_20_113357_create_guide_allocate_voucher_details_table', 1),
(91, '2018_09_25_115512_create_accmd_allocate_guests_table', 1),
(92, '2018_09_27_101332_create_hotel_package_optional_supliment_table', 1),
(93, '2018_09_27_160515_create_guide_hotel_voucher_headers_table', 1),
(94, '2018_09_27_160628_create_guide_hotel_voucher_details_table', 1),
(95, '2018_09_27_184105_create_guide_hotel_reserves_table', 1),
(96, '2018_10_03_123921_create_tour_transport_reserves_table', 1),
(97, '2018_10_04_104744_create_tour_quote_room_allocations_table', 1),
(98, '2018_10_05_150803_create_trns_reserve_voucher_details_table', 1),
(99, '2018_10_05_150908_create_trns_reserve_voucher_headers_table', 1),
(100, '2018_10_10_073156_create_messages_table', 1),
(101, '2018_10_15_115548_create_type_statuses_table', 1),
(102, '2018_10_17_114456_create_tour_booking_lists_table', 1),
(103, '2018_10_22_155859_create_group_qt_pax_setups_table', 1),
(104, '2018_10_22_175957_create_tour_qoute_gp_vehicle_types_table', 1),
(105, '2018_10_23_102423_create_announcements_table', 1),
(106, '2018_10_28_113401_create_feedback_table', 1),
(107, '2018_10_29_183602_create_agent_inv_headers_table', 1),
(108, '2018_10_29_184106_create_agent_inv_details_table', 1),
(109, '2018_10_30_085859_create_agen_inv_nos_table', 1),
(110, '2018_11_07_092919_create_exception_returns_table', 1),
(111, '2018_11_08_101914_create_tour_quote_gp_guides_details_table', 1),
(112, '2018_11_14_111013_create_misc_rate_categories_table', 1);

--
-- Dumping data for table `quotation_codes`
--

INSERT INTO `quotation_codes` (`id`, `agent_id`, `code_year`, `code_no`, `created_at`, `updated_at`) VALUES
(2, 1, 2018, 5, '2018-11-15 13:04:28', '2018-11-29 03:57:24');

--
-- Dumping data for table `room_types`
--

INSERT INTO `room_types` (`id`, `r_type`, `created_at`, `updated_at`) VALUES
(1, 'Delux', NULL, NULL),
(2, 'Luxery', NULL, NULL);

--
-- Dumping data for table `suppliers`
--

INSERT INTO `suppliers` (`id`, `code`, `sup_s_name`, `sup_name`, `type`, `address`, `city_id`, `district_id`, `country_id`, `status`, `created_at`, `updated_at`) VALUES
(1, 'G-20', 'Sanath Dayasiri', 'Sanath Dayasiri', 'Guide', NULL, 1, 1, 1, 1, '2018-11-13 05:32:32', '2018-12-10 07:47:53'),
(2, 'G-34', 'Chamara Weerasinghe', 'Chamara Weerasinghe', 'Guide', NULL, 1, 1, 1, 1, '2018-11-13 05:33:37', '2018-11-13 05:33:37'),
(3, 'N-70', 'Nilwala Hotel', 'Nilwala Hotel', 'Hotel', NULL, 1, 1, 1, 1, '2018-11-13 05:39:27', '2018-12-10 07:37:26'),
(4, 'WCD', NULL, 'Woodland Car Dealers', 'Vehicle', 'colombo', 1, 1, 1, 1, '2018-11-13 05:45:49', '2018-12-10 07:42:30');

--
-- Dumping data for table `sup_contact_details`
--

INSERT INTO `sup_contact_details` (`id`, `supplier_id`, `type`, `contact`, `created_at`, `updated_at`) VALUES
(1, 1, 'Email_A', 'sana@gmail.com', NULL, '2018-12-10 07:47:53'),
(2, 1, 'Mobile', NULL, NULL, '2018-12-10 07:47:53'),
(3, 1, 'Tel', NULL, NULL, '2018-12-10 07:47:53'),
(4, 2, 'Email_A', 'chama@gmail.com', NULL, NULL),
(5, 2, 'Mobile', NULL, NULL, NULL),
(6, 2, 'Tel', NULL, NULL, NULL),
(7, 3, 'Email_A', 'nilwala@gmail.com', NULL, '2018-12-10 07:37:26'),
(8, 3, 'Email_B', NULL, NULL, '2018-12-10 07:37:26'),
(9, 3, 'Email_C', NULL, NULL, '2018-12-10 07:37:26'),
(10, 3, 'Fax', NULL, NULL, '2018-12-10 07:37:26'),
(11, 3, 'Tel', NULL, NULL, '2018-12-10 07:37:26'),
(12, 4, 'Email_A', NULL, NULL, '2018-12-10 07:42:30'),
(13, 4, 'Tel', '0774356374', NULL, '2018-12-10 07:42:30');

--
-- Dumping data for table `taxes`
--

INSERT INTO `taxes` (`id`, `tax_name`, `rate`, `status`, `tax_order`, `created_at`, `updated_at`) VALUES
(1, 'Vat', 15, 1, 1, '2018-11-26 08:44:12', '2018-12-10 07:54:25');

--
-- Dumping data for table `tour_booking_lists`
--

INSERT INTO `tour_booking_lists` (`id`, `tour_id`, `tour_ammd_id`, `tour_ammd`, `tour_ammd_type`, `created_at`, `updated_at`) VALUES
(1, 71, 71, 0, 0, '2018-11-15 13:07:00', '2018-11-15 13:07:00'),
(2, 73, 73, 0, 0, '2018-11-19 07:43:40', '2018-11-19 07:43:40');

--
-- Dumping data for table `tour_quotation_headers`
--

INSERT INTO `tour_quotation_headers` (`id`, `tour_id`, `tour_code`, `tour_code_no`, `market_id`, `agent_id`, `branch_id`, `version_id`, `version_no`, `user_id`, `tour_type`, `title`, `frm_date`, `to_date`, `vld_frm_date`, `vld_to_date`, `Days`, `pax_adult`, `pax_child`, `remarks`, `currency_id`, `vat_rate`, `millage`, `tot_hotel_price`, `trp_pp_price`, `tot_misc_price`, `pp_misc_price`, `tot_guide_price`, `tot_guide_acmd`, `pp_rate`, `pp_hotel_price`, `pp_ss_price`, `pp_tpre_price`, `pp_qtre_price`, `com_rate`, `qtn_type`, `promotion`, `confirmed`, `amgmt`, `base_on`, `bc_to_lkr`, `child_pp_rate`, `status`, `child_chk_accmd`, `child_chk_trsp`, `child_chk_guide`, `child_chk_misc`, `created_at`, `updated_at`) VALUES
(1, 70, 'ALM/ALG/BRC/112018-1-V1', 1, 1, 1, 1, 1, 1, 1, 1, 'FIT Test 1', '2018-11-15', '2018-11-17', '2018-11-15', '2018-11-17', 2, 2, 0, '++++++Testing FIT Quotation+++++', 1, NULL, 797, NULL, 112.72, NULL, NULL, 31.43, 110, NULL, 220, 0, 0, 0, 10, 1, 0, 0, 0, 1, 175, 0, 4, 0, 0, 0, 0, '2018-11-15 13:04:28', '2018-11-15 13:07:00'),
(2, 71, 'ALM/ALG/BRC/112018-1-V1', 1, 1, 1, 1, 1, 1, 1, 1, 'FIT Test 1', '2018-11-15', '2018-11-17', '2018-11-15', '2018-11-17', 2, 2, 0, '++++++Testing FIT Quotation+++++', 1, NULL, 797, NULL, 112.72, NULL, NULL, 31.43, 110, NULL, 220, 0, 0, 0, 10, 1, 0, 1, 0, 1, 175, 0, 2, 0, 0, 0, 0, '2018-11-15 13:07:00', '2018-11-15 13:08:51'),
(3, 72, 'ALM/ALG/BRC/112018-2-V1', 2, 1, 1, 1, 1, 1, 1, 1, 'Test Guide', '2018-11-19', '2018-11-22', '2018-11-19', '2018-11-22', 3, 1, 0, NULL, 1, NULL, 50, NULL, NULL, NULL, NULL, NULL, NULL, 0, 220, 0, 0, 0, 10, 2, 0, 0, 0, 1, 175, 0, 4, 0, 0, 0, 0, '2018-11-19 07:42:06', '2018-11-19 07:43:40'),
(4, 73, 'ALM/ALG/BRC/112018-2-V1', 2, 1, 1, 1, 1, 1, 1, 1, 'Test Guide', '2018-11-19', '2018-11-22', '2018-11-19', '2018-11-22', 3, 1, 0, NULL, 1, NULL, 50, NULL, NULL, NULL, NULL, 31.43, 110, NULL, 220, 0, 0, 0, 10, 2, 0, 1, 0, 1, 175, 0, 2, 0, 0, 0, 0, '2018-11-19 07:43:40', '2018-11-19 07:46:56'),
(5, 74, 'ALM/ALG/BRC/112018-3-V1', 3, 1, 1, 1, 1, 1, 1, 1, '====Test Guide 2====', '2018-11-23', '2018-11-25', '2018-11-23', '2018-11-25', 2, 2, 0, 'Test Guide 2', 1, NULL, 493, NULL, NULL, NULL, NULL, 66, 0, NULL, 110, 0, 0, 0, 10, 1, 0, 0, 0, 1, 179, 0, 2, 0, 0, 0, 0, '2018-11-23 08:56:18', '2018-11-26 05:37:56'),
(6, 75, 'ALM/ALG/BRC/112018-4-V1', 4, 1, 1, 1, 1, 1, 1, 1, 'aaaa', '2018-11-28', '2018-11-30', '2018-11-28', '2018-11-30', 2, 2, 0, NULL, 1, NULL, 0, NULL, NULL, NULL, NULL, NULL, NULL, NULL, NULL, NULL, NULL, NULL, 10, 1, 0, 0, 0, 1, 78, 0, 1, 0, 0, 0, 0, '2018-11-28 07:25:18', '2018-11-28 07:25:18'),
(7, 76, 'ALM/BRC/112018-5-V1', 5, 1, 1, 1, 1, 1, 1, 1, 'Test Quaot 5', '2018-11-29', '2019-01-01', '2018-11-29', '2019-01-01', 33, 2, 0, 'asd', 1, NULL, 0, NULL, NULL, NULL, NULL, NULL, NULL, NULL, NULL, NULL, NULL, NULL, 10, 1, 0, 0, 0, 1, 175, 0, 1, 0, 0, 0, 0, '2018-11-29 03:57:24', '2018-11-29 03:57:24');

--
-- Dumping data for table `tour_quotation_hotels`
--

INSERT INTO `tour_quotation_hotels` (`id`, `tour_quotation_header_id`, `tour_id`, `tour_date`, `tour_day`, `created_at`, `updated_at`) VALUES
(1, 1, 70, '2018-11-15', 1, '2018-11-15 13:05:38', '2018-11-15 13:05:38'),
(2, 1, 70, '2018-11-16', 2, '2018-11-15 13:05:38', '2018-11-15 13:05:38'),
(3, 1, 70, '2018-11-17', 3, '2018-11-15 13:05:38', '2018-11-15 13:05:38'),
(4, 2, 71, '2018-11-15', 1, '2018-11-15 13:07:00', '2018-11-15 13:07:00'),
(5, 2, 71, '2018-11-16', 2, '2018-11-15 13:07:00', '2018-11-15 13:07:00'),
(6, 2, 71, '2018-11-17', 3, '2018-11-15 13:07:00', '2018-11-15 13:07:00'),
(7, 3, 72, '2018-11-19', 1, '2018-11-19 07:42:35', '2018-11-19 07:42:35'),
(8, 3, 72, '2018-11-20', 2, '2018-11-19 07:42:35', '2018-11-19 07:42:35'),
(9, 3, 72, '2018-11-21', 3, '2018-11-19 07:42:35', '2018-11-19 07:42:35'),
(10, 3, 72, '2018-11-22', 4, '2018-11-19 07:42:35', '2018-11-19 07:42:35'),
(11, 4, 73, '2018-11-19', 1, '2018-11-19 07:43:40', '2018-11-19 07:43:40'),
(12, 4, 73, '2018-11-20', 2, '2018-11-19 07:43:40', '2018-11-19 07:43:40'),
(13, 4, 73, '2018-11-21', 3, '2018-11-19 07:43:40', '2018-11-19 07:43:40'),
(14, 4, 73, '2018-11-22', 4, '2018-11-19 07:43:40', '2018-11-19 07:43:40'),
(15, 5, 74, '2018-11-23', 1, '2018-11-23 08:57:42', '2018-11-23 08:57:42'),
(16, 5, 74, '2018-11-24', 2, '2018-11-23 08:57:42', '2018-11-23 08:57:42'),
(17, 5, 74, '2018-11-25', 3, '2018-11-23 08:57:42', '2018-11-23 08:57:42');

--
-- Dumping data for table `tour_quotation_hotel_details`
--

INSERT INTO `tour_quotation_hotel_details` (`id`, `tour_quotation_hotel_id`, `tour_id`, `pos`, `supplier_id`, `hotel_package_id`, `ss_rate`, `ss_com`, `db_rate`, `db_com`, `trp_rate`, `trp_com`, `qtb_rate`, `qtb_com`, `sql_splm`, `dbl_splm`, `tbl_splm`, `qd_splm`, `child_rate`, `child_com`, `guide`, `currency_id`, `rate_to_base`, `status`, `created_at`, `updated_at`) VALUES
(1, 1, 70, 1, 3, 1, 100, 10, 200, 20, 300, 30, 400, 40, 0, 0, 0, 0, 25, 2.5, 50, 1, 1, 1, '2018-11-15 13:05:38', '2018-11-28 08:35:51'),
(2, 2, 70, 1, 3, 1, 100, 10, 200, 20, 300, 30, 400, 40, 0, 0, 0, 0, 25, 2.5, 50, 1, 1, 1, '2018-11-15 13:05:38', '2018-11-28 08:35:51'),
(3, 4, 71, 1, 3, 1, 100, 10, 200, 20, 300, 30, 400, 40, 0, 0, 0, 0, 25, 2.5, 50, 1, 1, 1, '2018-11-15 13:07:00', '2018-11-15 13:07:00'),
(4, 5, 71, 1, 3, 1, 100, 10, 200, 20, 300, 30, 400, 40, 0, 0, 0, 0, 25, 2.5, 50, 1, 1, 1, '2018-11-15 13:07:00', '2018-11-15 13:07:00'),
(5, 7, 72, 1, 3, 1, 100, 10, 200, 20, 300, 30, 400, 40, 0, 0, 0, 0, 25, 2.5, 50, 1, 1, 1, '2018-11-19 07:42:35', '2018-11-19 07:42:35'),
(6, 8, 72, 1, 3, 1, 100, 10, 200, 20, 300, 30, 400, 40, 0, 0, 0, 0, 25, 2.5, 50, 1, 1, 1, '2018-11-19 07:42:35', '2018-11-19 07:42:35'),
(7, 11, 73, 1, 3, 1, 100, 10, 200, 20, 300, 30, 400, 40, 0, 0, 0, 0, 25, 2.5, 50, 1, 1, 1, '2018-11-19 07:43:40', '2018-11-19 07:43:40'),
(8, 12, 73, 1, 3, 1, 100, 10, 200, 20, 300, 30, 400, 40, 0, 0, 0, 0, 25, 2.5, 50, 1, 1, 1, '2018-11-19 07:43:40', '2018-11-19 07:43:40'),
(9, 15, 74, 1, 3, 1, 100, 10, 200, 20, 300, 30, 400, 40, 0, 0, 0, 0, 25, 2.5, 50, 1, 1, 1, '2018-11-23 08:57:42', '2018-11-23 08:57:42');

--
-- Dumping data for table `tour_quote_gp_guides_details`
--

INSERT INTO `tour_quote_gp_guides_details` (`id`, `tour_quotation_header_id`, `tour_day`, `language_id`, `supplier_id`, `pos`, `na_guide_rate`, `na_guide_mkp`, `ch_guide_rate`, `ch_guide_mkp`, `bsratelkr`, `accmd_mkp`, `created_at`, `updated_at`) VALUES
(1, 3, 1, 1, 3, 1, 2500, 250, 0, 0, 175, 5, '2018-11-19 07:43:12', '2018-11-19 07:43:12'),
(2, 3, 2, 1, 3, 1, 2500, 250, 0, 0, 175, 5, '2018-11-19 07:43:12', '2018-11-19 07:43:12'),
(3, 3, 3, 1, 0, 0, 2500, 250, 0, 0, 175, 0, '2018-11-19 07:43:12', '2018-11-19 07:43:12'),
(4, 3, 4, 1, 0, 0, 2500, 250, 0, 0, 175, 0, '2018-11-19 07:43:12', '2018-11-19 07:43:12'),
(5, 4, 1, 1, 3, 1, 2500, 250, 0, 0, 175, 5, '2018-11-19 07:43:40', '2018-11-19 07:43:40'),
(6, 4, 2, 1, 3, 1, 2500, 250, 0, 0, 175, 5, '2018-11-19 07:43:40', '2018-11-19 07:43:40'),
(7, 4, 3, 1, 0, 0, 2500, 250, 0, 0, 175, 0, '2018-11-19 07:43:40', '2018-11-19 07:43:40'),
(8, 4, 4, 1, 0, 0, 2500, 250, 0, 0, 175, 0, '2018-11-19 07:43:40', '2018-11-19 07:43:40');

--
-- Dumping data for table `tour_quote_room_allocations`
--

INSERT INTO `tour_quote_room_allocations` (`id`, `tour_id`, `sgl`, `dbl`, `twn`, `tbl`, `qd`, `created_at`, `updated_at`) VALUES
(1, 70, 0, 1, 0, 0, 0, '2018-11-15 13:06:52', '2018-11-15 13:06:52'),
(2, 71, 0, 1, 0, 0, 0, '2018-11-15 13:07:00', '2018-11-15 13:07:00');

--
-- Dumping data for table `tour_quot_distances`
--

INSERT INTO `tour_quot_distances` (`id`, `tour_quot_location_id`, `tour_id`, `pos`, `location_id`, `lc_name`, `lc_code`, `kms`, `created_at`, `updated_at`) VALUES
(1, 1, 70, 1, 9, 'Airport', 'APT', 0, '2018-11-15 13:05:25', '2018-11-15 13:05:25'),
(2, 1, 70, 2, 2, 'Nuwara Eliya', 'NUW', 180, '2018-11-15 13:05:25', '2018-11-15 13:05:25'),
(3, 2, 70, 1, 2, 'Nuwara Eliya', 'NUW', 0, '2018-11-15 13:05:25', '2018-11-15 13:05:25'),
(4, 2, 70, 2, 4, 'Colombo', 'CMB', 180, '2018-11-15 13:05:25', '2018-11-15 13:05:25'),
(5, 3, 70, 1, 4, 'Colombo', 'CMB', 0, '2018-11-15 13:05:25', '2018-11-15 13:05:25'),
(6, 3, 70, 2, 9, 'Airport', 'APT', 37, '2018-11-15 13:05:25', '2018-11-15 13:05:25'),
(7, 4, 71, 1, 9, 'Airport', 'APT', 0, '2018-11-15 13:07:00', '2018-11-15 13:07:00'),
(8, 4, 71, 2, 2, 'Nuwara Eliya', 'NUW', 180, '2018-11-15 13:07:00', '2018-11-15 13:07:00'),
(9, 5, 71, 1, 2, 'Nuwara Eliya', 'NUW', 0, '2018-11-15 13:07:00', '2018-11-15 13:07:00'),
(10, 5, 71, 2, 4, 'Colombo', 'CMB', 180, '2018-11-15 13:07:00', '2018-11-15 13:07:00'),
(11, 6, 71, 1, 4, 'Colombo', 'CMB', 0, '2018-11-15 13:07:00', '2018-11-15 13:07:00'),
(12, 6, 71, 2, 9, 'Airport', 'APT', 37, '2018-11-15 13:07:00', '2018-11-15 13:07:00'),
(13, 7, 72, 1, 4, 'Colombo', 'CMB', 0, '2018-11-19 07:42:24', '2018-11-19 07:42:24'),
(14, 7, 72, 2, 1, 'Negombo', 'NEG', 50, '2018-11-19 07:42:24', '2018-11-19 07:42:24'),
(15, 11, 73, 1, 4, 'Colombo', 'CMB', 0, '2018-11-19 07:43:40', '2018-11-19 07:43:40'),
(16, 11, 73, 2, 1, 'Negombo', 'NEG', 50, '2018-11-19 07:43:40', '2018-11-19 07:43:40'),
(17, 15, 74, 1, 9, 'Airport', 'APT', 0, '2018-11-23 08:57:25', '2018-11-23 08:57:25'),
(18, 15, 74, 2, 1, 'Negombo', 'NEG', 15, '2018-11-23 08:57:25', '2018-11-23 08:57:25'),
(19, 16, 74, 1, 1, 'Negombo', 'NEG', 0, '2018-11-23 08:57:25', '2018-11-23 08:57:25'),
(20, 16, 74, 2, 15, 'Bentota', 'BEN', 124, '2018-11-23 08:57:25', '2018-11-23 08:57:25'),
(21, 17, 74, 1, 15, 'Bentota', 'BEN', 0, '2018-11-23 08:57:25', '2018-11-23 08:57:25'),
(22, 17, 74, 2, 9, 'Airport', 'APT', 104, '2018-11-23 08:57:25', '2018-11-23 08:57:25');

--
-- Dumping data for table `tour_quot_guides`
--

INSERT INTO `tour_quot_guides` (`id`, `tour_quotation_header_id`, `tour_id`, `tour_date`, `tour_day`, `lkr_rate`, `created_at`, `updated_at`) VALUES
(1, 1, 70, '2018-11-15', 1, 175, '2018-11-15 13:06:23', '2018-11-15 13:06:23'),
(2, 1, 70, '2018-11-16', 2, 175, '2018-11-15 13:06:23', '2018-11-15 13:06:23'),
(3, 1, 70, '2018-11-17', 3, 175, '2018-11-15 13:06:23', '2018-11-15 13:06:23'),
(4, 2, 71, '2018-11-15', 1, 175, '2018-11-15 13:07:00', '2018-11-15 13:07:00'),
(5, 2, 71, '2018-11-16', 2, 175, '2018-11-15 13:07:00', '2018-11-15 13:07:00'),
(6, 2, 71, '2018-11-17', 3, 175, '2018-11-15 13:07:00', '2018-11-15 13:07:00'),
(7, 4, 73, '2018-11-19', 1, 175, '2018-11-19 07:46:56', '2018-11-19 07:46:56'),
(8, 4, 73, '2018-11-20', 2, 175, '2018-11-19 07:46:56', '2018-11-19 07:46:56'),
(9, 4, 73, '2018-11-21', 3, 175, '2018-11-19 07:46:56', '2018-11-19 07:46:56'),
(10, 4, 73, '2018-11-22', 4, 175, '2018-11-19 07:46:56', '2018-11-19 07:46:56'),
(17, 5, 74, '2018-11-23', 1, 175, '2018-11-23 10:34:56', '2018-11-23 10:34:56'),
(18, 5, 74, '2018-11-24', 2, 175, '2018-11-23 10:34:56', '2018-11-23 10:34:56'),
(19, 5, 74, '2018-11-25', 3, 175, '2018-11-23 10:34:56', '2018-11-23 10:34:56');

--
-- Dumping data for table `tour_quot_guide_details`
--

INSERT INTO `tour_quot_guide_details` (`id`, `tour_quot_guide_id`, `tour_id`, `pos`, `guide_type_id`, `language_id`, `has_room`, `guide_room_id`, `guide_fee`, `guide_com`, `room_rate`, `room_excrate`, `room_com`, `created_at`, `updated_at`) VALUES
(1, 1, 70, 1, 1, 1, 1, 1, 2500, 250, 50, 1, 5, '2018-11-15 13:06:23', '2018-11-15 13:06:23'),
(2, 2, 70, 1, 1, 1, 1, 1, 2500, 250, 50, 1, 5, '2018-11-15 13:06:23', '2018-11-15 13:06:23'),
(3, 4, 71, 1, 1, 1, 1, 1, 2500, 250, 50, 1, 5, '2018-11-15 13:07:00', '2018-11-15 13:07:00'),
(4, 5, 71, 1, 1, 1, 1, 1, 2500, 250, 50, 1, 5, '2018-11-15 13:07:00', '2018-11-15 13:07:00'),
(5, 7, 73, 1, 1, 1, 1, 1, 2500, 250, 50, 1, 5, '2018-11-19 07:46:56', '2018-11-19 07:46:56'),
(6, 8, 73, 1, 1, 1, 1, 1, 2500, 250, 50, 1, 5, '2018-11-19 07:46:56', '2018-11-19 07:46:56'),
(13, 17, 74, 1, 2, 3, 0, 0, 3500, 350, 0, 1, 0, '2018-11-23 10:34:56', '2018-11-23 10:34:56'),
(14, 18, 74, 1, 2, 3, 0, 0, 3500, 350, 0, 1, 0, '2018-11-23 10:34:56', '2018-11-23 10:34:56'),
(15, 19, 74, 1, 2, 3, 0, 0, 3500, 350, 0, 1, 0, '2018-11-23 10:34:56', '2018-11-23 10:34:56');

--
-- Dumping data for table `tour_quot_locations`
--

INSERT INTO `tour_quot_locations` (`id`, `tour_quotation_header_id`, `tour_id`, `tour_date`, `tour_day`, `ttkms`, `itineray_id`, `created_at`, `updated_at`) VALUES
(1, 1, 70, '2018-11-15', 1, 180, 0, '2018-11-15 13:05:25', '2018-11-15 13:05:25'),
(2, 1, 70, '2018-11-16', 2, 180, 0, '2018-11-15 13:05:25', '2018-11-15 13:05:25'),
(3, 1, 70, '2018-11-17', 3, 37, 0, '2018-11-15 13:05:25', '2018-11-15 13:05:25'),
(4, 2, 71, '2018-11-15', 1, 180, 0, '2018-11-15 13:07:00', '2018-11-15 13:07:00'),
(5, 2, 71, '2018-11-16', 2, 180, 0, '2018-11-15 13:07:00', '2018-11-15 13:07:00'),
(6, 2, 71, '2018-11-17', 3, 37, 0, '2018-11-15 13:07:00', '2018-11-15 13:07:00'),
(7, 3, 72, '2018-11-19', 1, 50, 0, '2018-11-19 07:42:24', '2018-11-19 07:42:24'),
(8, 3, 72, '2018-11-20', 2, 0, 0, '2018-11-19 07:42:24', '2018-11-19 07:42:24'),
(9, 3, 72, '2018-11-21', 3, 0, 0, '2018-11-19 07:42:24', '2018-11-19 07:42:24'),
(10, 3, 72, '2018-11-22', 4, 0, 0, '2018-11-19 07:42:24', '2018-11-19 07:42:24'),
(11, 4, 73, '2018-11-19', 1, 50, 0, '2018-11-19 07:43:40', '2018-11-19 07:43:40'),
(12, 4, 73, '2018-11-20', 2, 0, 0, '2018-11-19 07:43:40', '2018-11-19 07:43:40'),
(13, 4, 73, '2018-11-21', 3, 0, 0, '2018-11-19 07:43:40', '2018-11-19 07:43:40'),
(14, 4, 73, '2018-11-22', 4, 0, 0, '2018-11-19 07:43:40', '2018-11-19 07:43:40'),
(15, 5, 74, '2018-11-23', 1, 15, 0, '2018-11-23 08:57:25', '2018-11-23 08:57:25'),
(16, 5, 74, '2018-11-24', 2, 124, 0, '2018-11-23 08:57:25', '2018-11-23 08:57:25'),
(17, 5, 74, '2018-11-25', 3, 104, 0, '2018-11-23 08:57:25', '2018-11-23 08:57:25');

--
-- Dumping data for table `tour_quot_transports`
--

INSERT INTO `tour_quot_transports` (`id`, `tour_quotation_header_id`, `tour_id`, `pos`, `vehicle_type_id`, `millage`, `rate_pkm`, `totlkr`, `trp_ls_Mkp`, `baserate`, `created_at`, `updated_at`) VALUES
(1, 1, 70, 1, 1, 797, 45, 35865, 3586.5, 175, '2018-11-15 13:06:36', '2018-11-15 13:06:36'),
(2, 2, 71, 1, 1, 797, 45, 35865, 3586.5, 175, '2018-11-15 13:07:00', '2018-11-15 13:07:00');

--
-- Dumping data for table `tour_types`
--

INSERT INTO `tour_types` (`id`, `tour_type_name`, `created_at`, `updated_at`) VALUES
(1, 'Round Tour', NULL, NULL);

--
-- Dumping data for table `transport_reserves`
--

INSERT INTO `transport_reserves` (`id`, `user_id`, `tour_quot_transport_id`, `status`, `frm_date`, `to_date`, `created_at`, `updated_at`) VALUES
(1, 1, 2, 1, '2018-11-15', '2018-11-17', '2018-11-15 13:08:15', '2018-11-15 13:08:15');

--
-- Dumping data for table `tr_datas`
--

INSERT INTO `tr_datas` (`id`, `tour_id`, `created_at`, `updated_at`) VALUES
(1, 76, NULL, '2018-11-29 03:57:24'),
(2, 5, NULL, '2018-11-19 09:00:39'),
(3, 3, NULL, '2018-09-25 03:54:03'),
(4, 8, NULL, '2018-09-25 04:16:29'),
(5, 14, NULL, '2018-11-19 07:48:31'),
(6, 3, NULL, '2018-10-01 11:47:54'),
(7, 4, NULL, '2018-10-08 10:51:43');

--
-- Dumping data for table `users`
--

INSERT INTO `users` (`id`, `name`, `email`, `password`, `status`, `remember_token`, `created_at`, `updated_at`) VALUES
(1, 'Malith', 'malith@gmail.com', '$2y$10$WECdzSGcg8vra6YzCf5BM.SThfpKM3cx1i4BxNJ28TAvDcihneVX6', '1', NULL, '2018-11-13 05:14:57', '2018-11-13 05:14:57');

--
-- Dumping data for table `vehicles`
--

INSERT INTO `vehicles` (`id`, `title`, `supplier_id`, `vehicle_type_id`, `reg_no`, `licence_exp_date`, `insurance_exp_date`, `mf_year`, `reg_year`, `remarks`, `status`, `created_at`, `updated_at`) VALUES
(1, 'KDH-BOX', 4, 1, 'GB-9908', '2019-01-26', '2019-02-23', 2017, 2018, 'Good Condition', 1, '2018-11-13 05:47:13', '2018-12-10 07:48:49');

--
-- Dumping data for table `vehicle_types`
--

INSERT INTO `vehicle_types` (`id`, `no_of_seats`, `rate_per_km`, `type`, `created_at`, `updated_at`) VALUES
(1, 12, 45, 'KDH', '2018-11-13 05:44:38', '2018-11-13 05:44:38');
COMMIT;

/*!40101 SET CHARACTER_SET_CLIENT=@OLD_CHARACTER_SET_CLIENT */;
/*!40101 SET CHARACTER_SET_RESULTS=@OLD_CHARACTER_SET_RESULTS */;
/*!40101 SET COLLATION_CONNECTION=@OLD_COLLATION_CONNECTION */;
